Spectrograph,slitlet,position on slit ,Hexabundle or sky fibre,Bundle/plate,no.cores,ring,Fibre_number,COREnum,Bundle_Xc,Bundle_Yc,Coreradius
AAOmega,1,1,Sky,A3,7,0,1,1,0,0,NA
AAOmega,1,2,H,A,169,8,154,154,653.51,-374.1,107.8
AAOmega,1,3,H,A,169,8,153,153,672.17,-261.6,107.99
AAOmega,1,4,H,A,169,8,152,152,691.07,-149.2,107.72
AAOmega,1,5,H,A,169,8,151,151,704.635,-35.85,107.975
AAOmega,1,6,H,A,169,8,150,150,717.835,76.74,107.505
AAOmega,1,7,H,A,169,8,149,149,732.54,190.5,107.98
AAOmega,1,8,H,A,169,8,148,148,742.19,303.73,108.07
AAOmega,1,9,H,A,169,8,147,147,651.91,375.91,107.84
AAOmega,1,10,H,A,169,8,146,146,561.07,446.66,107.6
AAOmega,1,11,H,A,169,8,145,145,471.02,516.65,107.63
AAOmega,1,12,H,A,169,8,144,144,378.015,585.5,108.005
AAOmega,1,13,H,A,169,8,143,143,282.51,655.005,107.78
AAOmega,1,14,H,A,169,8,142,142,190.165,721.85,108.095
AAOmega,1,15,H,A,169,8,141,141,95.865,788.835,107.93
AAOmega,1,16,H,A,169,8,140,140,-11.76,750.68,107.745
AAOmega,1,17,H,A,169,8,139,139,-117.32,708.57,107.97
AAOmega,1,18,H,A,169,8,138,138,-222.055,663.475,107.745
AAOmega,1,19,H,A,169,8,137,137,-327.065,620.315,107.645
AAOmega,1,20,H,A,169,8,136,136,-430.94,574.01,107.73
AAOmega,1,21,H,A,169,8,135,135,-534.08,526.99,107.78
AAOmega,1,22,H,A,169,8,134,134,-638.66,481.03,107.67
AAOmega,1,23,H,A,169,7,97,97,-546.97,412.86,108
AAOmega,1,24,H,A,169,7,98,98,-442.77,458.92,107.62
AAOmega,1,25,H,A,169,7,99,99,-339.1,505.05,107.92
AAOmega,1,26,H,A,169,7,100,100,-233.58,548.945,107.675
AAOmega,1,27,H,A,169,7,101,101,-128.765,592.845,107.89
AAOmega,1,28,H,A,169,7,102,102,-23.4,637.075,107.885
AAOmega,1,29,H,A,169,7,103,103,84.105,675.605,107.845
AAOmega,1,30,H,A,169,7,104,104,176.65,608.32,107.64
AAOmega,1,31,H,A,169,7,105,105,272.725,541.155,107.8
AAOmega,1,32,H,A,169,7,106,106,365.945,472.22,107.69
AAOmega,1,33,H,A,169,7,107,107,455.81,402.06,107.88
AAOmega,1,34,H,A,169,7,108,108,546.61,332.19,107.93
AAOmega,1,35,H,A,169,7,109,109,637.02,261.01,107.6
AAOmega,1,36,H,A,169,7,110,110,626.83,147.2,108.14
AAOmega,1,37,H,A,169,7,111,111,611.555,34.365,107.715
AAOmega,1,38,H,A,169,7,112,112,599.17,-78.54,107.575
AAOmega,1,39,H,A,169,7,113,113,582.78,-191.29,107.58
AAOmega,1,40,H,A,169,7,114,114,564.2,-303.74,107.71
AAOmega,1,41,H,A,169,6,80,80,474.5,-232.97,107.96
AAOmega,1,42,H,A,169,6,79,79,493.18,-120.55,107.74
AAOmega,1,43,H,A,169,6,78,78,505.335,-7.215,107.68
AAOmega,1,44,H,A,169,6,77,77,521.23,105.15,107.61
AAOmega,1,45,H,A,169,6,76,76,531.27,218.82,107.57
AAOmega,1,46,H,A,169,6,75,75,441.095,287.67,107.905
AAOmega,1,47,H,A,169,6,74,74,350.81,357.065,108.025
AAOmega,1,48,H,A,169,6,73,73,261.08,427.275,107.695
AAOmega,1,49,H,A,169,6,72,72,169.005,494.695,107.61
AAOmega,1,50,H,A,169,6,71,71,69.12,562.56,107.855
AAOmega,1,51,H,A,169,6,70,70,-37.725,523.285,107.77
AAOmega,1,52,H,A,169,6,69,69,-143.07,479.095,107.85
AAOmega,1,53,H,A,169,6,68,68,-247.915,434.83,107.725
AAOmega,1,54,H,A,169,6,67,67,-352.48,390.135,107.41
AAOmega,1,55,H,A,169,6,66,66,-456,343.93,108.06
AAOmega,1,56,H,A,169,5,41,41,-365.08,275.59,107.71
AAOmega,1,57,H,A,169,5,42,42,-261.445,321.63,107.515
AAOmega,1,58,H,A,169,5,43,43,-156.415,366.125,107.665
AAOmega,1,59,H,A,169,5,44,44,-50.825,410.01,107.8
AAOmega,1,60,H,A,169,5,45,45,64.68,449.115,107.55
AAOmega,1,61,H,A,169,5,46,46,156.295,381.025,107.72
AAOmega,1,62,Sky,A5,7,0,1,1,0,0,NA
AAOmega,1,63,BLOCK,NA,NA,NA,NA,NA,NA,NA,NA
AAOmega,2,1,Sky,A1,7,0,1,1,0,0,NA
AAOmega,2,2,H,A,169,5,47,47,246.455,311.695,107.855
AAOmega,2,3,H,A,169,5,48,48,336.4,242.53,107.74
AAOmega,2,4,H,A,169,5,49,49,427.165,172.81,107.69
AAOmega,2,5,H,A,169,5,50,50,412.99,59.8733,107.587
AAOmega,2,6,H,A,169,5,51,51,399.743,-53.0733,107.6
AAOmega,2,7,H,A,169,5,52,52,383.05,-165.46,107.39
AAOmega,2,8,H,A,169,4,30,30,292.815,-96.145,108.015
AAOmega,2,9,H,A,169,4,29,29,308.403,16.61,107.832
AAOmega,2,10,H,A,169,4,28,28,321.99,129.715,107.87
AAOmega,2,11,H,A,169,4,27,27,231.23,198.77,107.65
AAOmega,2,12,H,A,169,4,26,26,132.1,270.195,107.68
AAOmega,2,13,H,A,169,4,25,25,39.98,337.665,107.735
AAOmega,2,14,H,A,169,4,24,24,-66.205,296.82,107.86
AAOmega,2,15,H,A,169,4,23,23,-170.855,252.225,107.805
AAOmega,2,16,H,A,169,4,22,22,-275.53,206.01,107.76
AAOmega,2,17,H,A,169,3,9,9,-185.775,134.84,107.925
AAOmega,2,18,H,A,169,3,10,10,-82.125,181.355,107.765
AAOmega,2,19,H,A,169,3,11,11,22.84,225.39,107.855
AAOmega,2,20,H,A,169,3,12,12,125.755,156.345,107.63
AAOmega,2,21,H,A,169,3,13,13,216.76,86.01,107.86
AAOmega,2,22,H,A,169,3,14,14,202.748,-27.08,107.707
AAOmega,2,23,H,A,169,2,4,4,111.16,41.4975,107.787
AAOmega,2,24,H,A,169,2,3,3,21.23,111.815,107.665
AAOmega,2,25,H,A,169,2,2,2,-93.925,67.83,107.755
AAOmega,2,26,H,A,169,1,1,1,0,0,107
AAOmega,2,27,H,A,169,2,5,5,93.8425,-71.3125,107.64
AAOmega,2,28,H,A,169,2,6,6,-12.92,-113.36,107.615
AAOmega,2,29,H,A,169,2,7,7,-105.285,-45.6525,107.755
AAOmega,2,30,H,A,169,3,8,8,-198.2,21.985,107.887
AAOmega,2,31,H,A,169,3,19,19,-209.44,-92.05,107.77
AAOmega,2,32,H,A,169,3,18,18,-117.97,-159.08,107.795
AAOmega,2,33,H,A,169,3,17,17,-25.52,-226.225,107.57
AAOmega,2,34,H,A,169,3,16,16,80.575,-184.54,107.77
AAOmega,2,35,H,A,169,3,15,15,185.165,-139.64,107.885
AAOmega,2,36,H,A,169,4,31,31,275.35,-208.98,107.51
AAOmega,2,37,H,A,169,4,32,32,170.655,-254.16,107.795
AAOmega,2,38,H,A,169,4,33,33,66.05,-298.18,107.755
AAOmega,2,39,H,A,169,4,34,34,-40.445,-338.975,107.65
AAOmega,2,40,H,A,169,4,35,35,-133.78,-273.445,107.87
AAOmega,2,41,H,A,169,4,36,36,-225.26,-204.495,107.7
AAOmega,2,42,H,A,169,4,37,37,-316.285,-132.69,107.74
AAOmega,2,43,H,A,169,4,20,20,-304.705,-19.1075,107.752
AAOmega,2,44,H,A,169,4,21,21,-293.5,94.175,107.665
AAOmega,2,45,H,A,169,5,40,40,-384.79,163.89,107.71
AAOmega,2,46,H,A,169,5,39,39,-398.475,50.58,107.59
AAOmega,2,47,H,A,169,5,38,38,-412.04,-61.905,107.75
AAOmega,2,48,H,A,169,5,61,61,-421.44,-175.58,107.82
AAOmega,2,49,H,A,169,5,60,60,-332.075,-246.065,107.72
AAOmega,2,50,H,A,169,5,59,59,-243.325,-318.905,107.765
AAOmega,2,51,H,A,169,5,58,58,-152.885,-388.305,107.715
AAOmega,2,52,H,A,169,5,57,57,-58.515,-451.445,107.515
AAOmega,2,53,H,A,169,5,56,56,49.705,-411.05,107.38
AAOmega,2,54,H,A,169,5,55,55,156.04,-367.36,107.565
AAOmega,2,55,H,A,169,5,54,54,261.63,-323.08,107.65
AAOmega,2,56,H,A,169,5,53,53,365.975,-277.805,107.56
AAOmega,2,57,H,A,169,6,81,81,457.07,-346,107.74
AAOmega,2,58,H,A,169,6,82,82,352.765,-391.255,107.295
AAOmega,2,59,H,A,169,6,83,83,247.865,-436.145,107.58
AAOmega,2,60,H,A,169,6,84,84,144.58,-483.155,107.61
AAOmega,2,61,Sky,A4,7,0,1,1,0,0,NA
AAOmega,2,62,Sky,A2,7,0,1,1,0,0,NA
AAOmega,2,63,BLOCK,NA,NA,NA,NA,NA,NA,NA,NA
AAOmega,3,1,Sky,A3,7,0,2,2,0,0,NA
AAOmega,3,2,H,A,169,6,85,85,38.505,-523.785,107.6
AAOmega,3,3,H,A,169,6,86,86,-67.7,-564.99,107.435
AAOmega,3,4,H,A,169,6,87,87,-164.93,-501.775,107.76
AAOmega,3,5,H,A,169,6,88,88,-257.81,-433.53,107.66
AAOmega,3,6,H,A,169,6,89,89,-348.57,-364.475,107.515
AAOmega,3,7,H,A,169,6,90,90,-435.92,-291.92,107.71
AAOmega,3,8,H,A,169,6,91,91,-525.66,-221.25,107.68
AAOmega,3,9,H,A,169,6,62,62,-516.33,-107.82,108.09
AAOmega,3,10,H,A,169,6,63,63,-504.93,5.745,107.945
AAOmega,3,11,H,A,169,6,64,64,-495.39,119.7,107.99
AAOmega,3,12,H,A,169,6,65,65,-476.18,231.55,107.57
AAOmega,3,13,H,A,169,7,96,96,-567.75,300.71,107.7
AAOmega,3,14,H,A,169,7,95,95,-586.79,188.04,107.83
AAOmega,3,15,H,A,169,7,94,94,-600.8,74.71,107.39
AAOmega,3,16,H,A,169,7,93,93,-611.475,-38.04,107.85
AAOmega,3,17,H,A,169,7,92,92,-621.34,-152.24,108.1
AAOmega,3,18,H,A,169,7,127,127,-630.36,-265.42,107.54
AAOmega,3,19,H,A,169,7,126,126,-540.84,-335.69,107.84
AAOmega,3,20,H,A,169,7,125,125,-453.44,-408.51,107.8
AAOmega,3,21,H,A,169,7,124,124,-363.425,-478.57,107.785
AAOmega,3,22,H,A,169,7,123,123,-272.25,-547.1,107.915
AAOmega,3,23,H,A,169,7,122,122,-180.265,-614.455,107.905
AAOmega,3,24,H,A,169,7,121,121,-84.64,-677.1,107.705
AAOmega,3,25,H,A,169,7,120,120,21.52,-636.445,107.635
AAOmega,3,26,H,A,169,7,119,119,127.925,-595.69,107.69
AAOmega,3,27,H,A,169,7,118,118,233.74,-553.845,107.415
AAOmega,3,28,H,A,169,7,117,117,337.405,-507.73,107.49
AAOmega,3,29,H,A,169,7,116,116,441.75,-461.84,107.34
AAOmega,3,30,H,A,169,7,115,115,546.03,-416.18,107.53
AAOmega,3,31,H,A,169,8,155,155,635.31,-486.59,107.81
AAOmega,3,32,H,A,169,8,156,156,531.11,-532.27,107.34
AAOmega,3,33,H,A,169,8,157,157,428.17,-580.74,107.73
AAOmega,3,34,H,A,169,8,158,158,323.495,-625.24,107.925
AAOmega,3,35,H,A,169,8,159,159,217.89,-667.465,107.475
AAOmega,3,36,H,A,169,8,160,160,111.87,-709.16,107.67
AAOmega,3,37,H,A,169,8,161,161,5.985,-750.765,107.58
AAOmega,3,38,H,A,169,8,162,162,-100.815,-790.035,107.665
AAOmega,3,39,H,A,169,8,163,163,-197.09,-728.26,107.85
AAOmega,3,40,H,A,169,8,164,164,-288.855,-660.825,107.83
AAOmega,3,41,H,A,169,8,165,165,-380.04,-593.2,107.28
AAOmega,3,42,H,A,169,8,166,166,-469.47,-523.28,108.04
AAOmega,3,43,H,A,169,8,167,167,-559.33,-452.89,107.89
AAOmega,3,44,H,A,169,8,168,168,-645.99,-379.73,107.58
AAOmega,3,45,H,A,169,8,169,169,-735.64,-309.1,107.89
AAOmega,3,46,H,A,169,8,128,128,-726.97,-195.25,107.84
AAOmega,3,47,H,A,169,8,129,129,-716.975,-82.175,107.77
AAOmega,3,48,H,A,169,8,130,130,-706.46,30.825,107.66
AAOmega,3,49,H,A,169,8,131,131,-693.88,143.63,108.17
AAOmega,3,50,H,A,169,8,132,132,-678.57,256.6,107.86
AAOmega,3,51,H,A,169,8,133,133,-660.6,369.06,107.89
AAOmega,3,52,H,C,127,6,72,72,126.79,507.865,107.585
AAOmega,3,53,H,C,127,6,71,71,30.885,570.23,107.715
AAOmega,3,54,H,C,127,6,70,70,-70.46,518.465,107.285
AAOmega,3,55,H,C,127,6,69,69,-171.515,465.555,107.69
AAOmega,3,56,H,C,127,6,68,68,-274.555,411.585,107.375
AAOmega,3,57,H,C,127,6,67,67,-375.75,361.28,107.15
AAOmega,3,58,H,C,127,6,66,66,-477.38,306.46,107.78
AAOmega,3,59,H,C,127,5,41,41,-382.24,244.655,107.34
AAOmega,3,60,H,C,127,5,42,42,-280.835,297.805,107.53
AAOmega,3,61,Sky,A5,7,0,2,2,0,0,NA
AAOmega,3,62,Sky,A1,7,0,2,2,0,0,NA
AAOmega,3,63,BLOCK,NA,NA,NA,NA,NA,NA,NA,NA
AAOmega,4,1,Sky,A4,7,0,2,2,0,0,NA
AAOmega,4,2,H,C,127,5,43,43,-178.585,351.315,106.82
AAOmega,4,3,H,C,127,5,44,44,-75.565,404.715,107.345
AAOmega,4,4,H,C,127,5,45,45,25.55,456.78,107.41
AAOmega,4,5,H,C,127,5,46,46,120.99,394.29,107.14
AAOmega,4,6,H,C,127,5,47,47,215.605,332.33,107.48
AAOmega,4,7,H,C,127,5,48,48,311,269.85,107.33
AAOmega,4,8,H,C,127,5,49,49,406.285,207.345,107.425
AAOmega,4,9,H,C,127,5,50,50,399.658,94.0675,107.82
AAOmega,4,10,H,C,127,5,51,51,393.835,-19.1775,107.548
AAOmega,4,11,H,C,127,5,52,52,386.77,-133.317,107.638
AAOmega,4,12,H,C,127,4,30,30,291.15,-71.5525,107.48
AAOmega,4,13,H,C,127,4,29,29,297.823,41.835,107.492
AAOmega,4,14,H,C,127,4,28,28,303.923,156.73,107.472
AAOmega,4,15,H,C,127,4,27,27,209.105,218.53,107.155
AAOmega,4,16,H,C,127,4,26,26,114.26,280.725,107.31
AAOmega,4,17,H,C,127,4,25,25,19.14,342.235,107.53
AAOmega,4,18,H,C,127,4,24,24,-82.29,291.41,107.64
AAOmega,4,19,H,C,127,4,23,23,-184.315,238.21,107.34
AAOmega,4,20,H,C,127,4,22,22,-286.438,184.822,107.268
AAOmega,4,21,H,C,127,3,9,9,-190.157,123.978,107.442
AAOmega,4,22,H,C,127,3,10,10,-88.99,177.47,107.458
AAOmega,4,23,H,C,127,3,11,11,12.77,228.775,107.25
AAOmega,4,24,H,C,127,3,12,12,107.662,167.665,107.615
AAOmega,4,25,H,C,127,3,13,13,202.763,105.065,108.123
AAOmega,4,26,H,C,127,3,14,14,196.12,-9.175,107.57
AAOmega,4,27,H,C,127,2,4,4,101.593,53.005,107.742
AAOmega,4,28,H,C,127,2,3,3,6.06,114.785,107.195
AAOmega,4,29,H,C,127,2,2,2,-95.9525,60.8575,107.238
AAOmega,4,30,H,C,127,1,1,1,0,0,107
AAOmega,4,31,H,C,127,2,5,5,94.1325,-61.69,107.303
AAOmega,4,32,H,C,127,2,6,6,-7.235,-113.147,107.358
AAOmega,4,33,H,C,127,2,7,7,-103.262,-53.6875,107.77
AAOmega,4,34,H,C,127,3,8,8,-198.442,9.3725,107.357
AAOmega,4,35,H,C,127,3,19,19,-204.873,-106.34,107.705
AAOmega,4,36,H,C,127,3,18,18,-109.892,-167.722,107.072
AAOmega,4,37,H,C,127,3,17,17,-13.075,-227.2,107.345
AAOmega,4,38,H,C,127,3,16,16,87.89,-174.785,107.695
AAOmega,4,39,H,C,127,3,15,15,189.447,-123.405,107.483
AAOmega,4,40,H,C,127,4,31,31,284.49,-184.775,107.48
AAOmega,4,41,H,C,127,4,32,32,183.81,-237.335,107.575
AAOmega,4,42,H,C,127,4,33,33,82.65,-288.74,106.91
AAOmega,4,43,H,C,127,4,34,34,-17.835,-340.42,107.55
AAOmega,4,44,H,C,127,4,35,35,-114.98,-281.395,107.72
AAOmega,4,45,H,C,127,4,36,36,-210.66,-219.56,107.21
AAOmega,4,46,H,C,127,4,37,37,-305.975,-157.793,107.213
AAOmega,4,47,H,C,127,4,20,20,-299.433,-43.3425,107.368
AAOmega,4,48,H,C,127,4,21,21,-293.028,71.2425,107.755
AAOmega,4,49,H,C,127,5,40,40,-389.945,131.42,107.665
AAOmega,4,50,H,C,127,5,39,39,-395.812,17.8275,107.903
AAOmega,4,51,H,C,127,5,38,38,-403.002,-96.42,107.657
AAOmega,4,52,H,C,127,5,61,61,-407.24,-209.32,107.435
AAOmega,4,53,H,C,127,5,60,60,-313.745,-275.015,107.435
AAOmega,4,54,H,C,127,5,59,59,-216.495,-334.055,107.29
AAOmega,4,55,H,C,127,5,58,58,-120.615,-394.435,107.1
AAOmega,4,56,H,C,127,5,57,57,-24.29,-453.97,107.64
AAOmega,4,57,H,C,127,5,56,56,76.875,-402.09,107.6
AAOmega,4,58,H,C,127,5,55,55,178.105,-350.335,107.435
AAOmega,4,59,H,C,127,5,54,54,279.03,-298.735,107.455
AAOmega,4,60,H,C,127,5,53,53,380.465,-246.235,107.695
AAOmega,4,61,Sky,A2,7,0,2,2,0,0,NA
AAOmega,4,62,Sky,A3,7,0,3,3,0,0,NA
AAOmega,4,63,BLOCK,NA,NA,NA,NA,NA,NA,NA,NA
AAOmega,5,1,Sky,A5,7,0,3,3,0,0,NA
AAOmega,5,2,Sky,A1,7,0,3,3,0,0,NA
AAOmega,5,3,H,C,127,6,81,81,476.975,-306.86,108.145
AAOmega,5,4,H,C,127,6,82,82,375.6,-360.395,107.91
AAOmega,5,5,H,C,127,6,83,83,273.715,-411.405,107.435
AAOmega,5,6,H,C,127,6,84,84,172.405,-464.365,107.635
AAOmega,5,7,H,C,127,6,85,85,71.915,-515.52,107.36
AAOmega,5,8,H,C,127,6,86,86,-30.035,-567.28,107.485
AAOmega,5,9,H,C,127,6,87,87,-126.74,-507.365,107.43
AAOmega,5,10,H,C,127,6,88,88,-223.4,-448.05,107.86
AAOmega,5,11,H,C,127,6,89,89,-321.49,-391.205,107.535
AAOmega,5,12,H,C,127,6,90,90,-415.97,-328.425,107.815
AAOmega,5,13,H,C,127,6,91,91,-507.77,-261.37,107.63
AAOmega,5,14,H,C,127,6,62,62,-506.217,-147.527,107.63
AAOmega,5,15,H,C,127,6,63,63,-498.375,-34.3775,107.475
AAOmega,5,16,H,C,127,6,64,64,-491.267,79.165,107.483
AAOmega,5,17,H,C,127,6,65,65,-487.46,192.44,107.55
AAOmega,5,18,H,C,127,7,96,96,-581.8,256.03,107.59
AAOmega,5,19,H,C,127,7,95,95,-590.615,143.015,107.415
AAOmega,5,20,H,C,127,7,94,94,-592.96,29.165,107.715
AAOmega,5,21,H,C,127,7,93,93,-612.025,-82.78,107.825
AAOmega,5,22,H,C,127,7,92,92,-609.79,-195.88,107.83
AAOmega,5,23,H,C,127,7,127,127,-611.15,-309.71,107.4
AAOmega,5,24,H,C,127,7,126,126,-520.045,-378.25,107.32
AAOmega,5,25,H,C,127,7,125,125,-423.72,-442.145,107.515
AAOmega,5,26,H,C,127,7,124,124,-328.35,-505.48,107.9
AAOmega,5,27,H,C,127,7,123,123,-229.935,-562.18,107.195
AAOmega,5,28,H,C,127,7,122,122,-132.9,-621.355,107.45
AAOmega,5,29,H,C,127,7,121,121,-36.15,-680.605,108.65
AAOmega,5,30,H,C,127,7,120,120,66.095,-629.61,107.535
AAOmega,5,31,H,C,127,7,119,119,169.55,-578.425,107.84
AAOmega,5,32,H,C,127,7,118,118,272.41,-527.255,107.655
AAOmega,5,33,H,C,127,7,117,117,373.7,-475.22,108.035
AAOmega,5,34,H,C,127,7,116,116,473.73,-420.97,107.935
AAOmega,5,35,H,C,127,7,115,115,574.54,-366.02,107.57
AAOmega,5,36,H,C,127,6,73,73,221.695,446.985,107.135
AAOmega,5,37,H,C,127,6,74,74,317.72,384.935,107.93
AAOmega,5,38,H,C,127,6,75,75,411.96,321.715,107.54
AAOmega,5,39,H,C,127,6,76,76,507.075,259.165,107.65
AAOmega,5,40,H,C,127,6,77,77,501.603,146.637,107.165
AAOmega,5,41,H,C,127,6,78,78,495.423,32.715,107.618
AAOmega,5,42,H,C,127,6,79,79,489.98,-80.7425,107.607
AAOmega,5,43,H,C,127,6,80,80,483.16,-193.39,107.705
AAOmega,5,44,H,C,127,7,114,114,580.9,-252.45,107.93
AAOmega,5,45,H,C,127,7,113,113,589.305,-139.1,107.545
AAOmega,5,46,H,C,127,7,112,112,592.425,-25.46,107.545
AAOmega,5,47,H,C,127,7,111,111,600.875,87.825,107.705
AAOmega,5,48,H,C,127,7,110,110,605.04,201.86,108.03
AAOmega,5,49,H,C,127,7,109,109,609.08,314.94,107.89
AAOmega,5,50,H,C,127,7,108,108,512.6,374.99,107.295
AAOmega,5,51,H,C,127,7,107,107,419.58,438.78,107.575
AAOmega,5,52,H,C,127,7,106,106,322.99,499.53,107.29
AAOmega,5,53,H,C,127,7,105,105,232.005,566.165,107.35
AAOmega,5,54,H,C,127,7,104,104,134.125,623.525,107.165
AAOmega,5,55,H,C,127,7,103,103,38.385,685.91,107.465
AAOmega,5,56,H,C,127,7,102,102,-64.52,637.015,107.33
AAOmega,5,57,H,C,127,7,101,101,-166.155,587.155,107.62
AAOmega,5,58,H,C,127,7,100,100,-270.38,529.76,107.4
AAOmega,5,59,H,C,127,7,99,99,-376.04,479.72,107.505
AAOmega,5,60,H,C,127,7,98,98,-475.725,425.28,107.475
AAOmega,5,61,H,C,127,7,97,97,-575.34,368.96,107.75
AAOmega,5,62,Sky,A4,7,0,3,3,0,0,NA
AAOmega,5,63,Sky,A2,7,0,3,3,0,0,NA
AAOmega,6,1,Sky,A3,7,0,4,4,0,0,NA
AAOmega,6,2,H,F,61,5,41,41,-379.16,214.87,104.88
AAOmega,6,3,H,F,61,5,42,42,-289.04,274.28,106.34
AAOmega,6,4,H,F,61,5,43,43,-195.27,332.96,105.22
AAOmega,6,5,H,F,61,5,44,44,-99.42,387.03,105.38
AAOmega,6,6,H,F,61,5,45,45,-2.52,441.62,105.19
AAOmega,6,7,H,F,61,5,46,46,91.81,388.82,105.91
AAOmega,6,8,H,F,61,5,47,47,183.96,332.91,105.38
AAOmega,6,9,H,F,61,5,48,48,278.54,279.62,105.59
AAOmega,6,10,H,F,61,5,49,49,376.63,228.24,105.48
AAOmega,6,11,H,F,61,5,50,50,374.63,120.09,106.08
AAOmega,6,12,H,F,61,5,51,51,380.64,10.54,105.78
AAOmega,6,13,H,F,61,5,52,52,382.65,-97.69,105.82
AAOmega,6,14,H,F,61,4,30,30,285.31,-47.29,105.76
AAOmega,6,15,H,F,61,4,29,29,281.47,61.96,106.3
AAOmega,6,16,H,F,61,4,28,28,278.56,171.22,105.41
AAOmega,6,17,H,F,61,4,27,27,181.88,222.35,105.47
AAOmega,6,18,H,F,61,4,26,26,89.76,279.71,105.64
AAOmega,6,19,H,F,61,4,25,25,-5.42,332.71,105.76
AAOmega,6,20,H,F,61,4,24,24,-101.26,277.89,104.94
AAOmega,6,21,H,F,61,4,23,23,-193.21,220.81,105.24
AAOmega,6,22,H,F,61,4,22,22,-284.92,161.36,105.49
AAOmega,6,23,H,F,61,3,9,9,-190.41,106.61,105.57
AAOmega,6,24,H,F,61,3,10,10,-98.5,165.3,106.39
AAOmega,6,25,H,F,61,3,11,11,-7.76,224.6,105.42
AAOmega,6,26,H,F,61,3,12,12,86.37,171.64,105.6
AAOmega,6,27,H,F,61,3,13,13,185.82,114.62,105.53
AAOmega,6,28,H,F,61,3,14,14,186.39,6.1,105.61
AAOmega,6,29,H,F,61,2,4,4,91.58,59.05,106.4
AAOmega,6,30,H,F,61,2,3,3,-3.39,111.98,105.4
AAOmega,6,31,H,F,61,2,2,2,-95.43,54.03,105.43
AAOmega,6,32,H,F,61,1,1,1,0,0,106
AAOmega,6,33,H,F,61,2,5,5,94.67,-53.93,105.57
AAOmega,6,34,H,F,61,2,6,6,1.85,-111.25,105.65
AAOmega,6,35,H,F,61,2,7,7,-93.31,-55.95,105.5
AAOmega,6,36,H,F,61,3,8,8,-191.77,-2.86,105.32
AAOmega,6,37,H,F,61,3,19,19,-188.4,-110.68,104.94
AAOmega,6,38,H,F,61,3,18,18,-92.41,-165.22,105.53
AAOmega,6,39,H,F,61,3,17,17,2.63,-218.9,105.07
AAOmega,6,40,H,F,61,3,16,16,98.02,-163.14,105.58
AAOmega,6,41,H,F,61,3,15,15,191.64,-102.98,105.35
AAOmega,6,42,H,F,61,4,31,31,290.82,-156.27,106.28
AAOmega,6,43,H,F,61,4,32,32,197.79,-213.69,105.49
AAOmega,6,44,H,F,61,4,33,33,104.39,-271.65,106.15
AAOmega,6,45,H,F,61,4,34,34,10.8,-327.2,105.42
AAOmega,6,46,H,F,61,4,35,35,-87.88,-278.84,105.12
AAOmega,6,47,H,F,61,4,36,36,-183.36,-224.42,105.22
AAOmega,6,48,H,F,61,4,37,37,-279.25,-170.67,106.18
AAOmega,6,49,H,F,61,4,20,20,-285.99,-60.52,105.56
AAOmega,6,50,H,F,61,4,21,21,-287.17,47.69,104.85
AAOmega,6,51,H,F,61,5,40,40,-381.85,106.69,105.73
AAOmega,6,52,H,F,61,5,39,39,-381.38,-8.3,105.24
AAOmega,6,53,H,F,61,5,38,38,-378.89,-116.87,105.45
AAOmega,6,54,H,F,61,5,61,61,-372.56,-225.14,105.23
AAOmega,6,55,H,F,61,5,60,60,-276.47,-280.64,105.36
AAOmega,6,56,H,F,61,5,59,59,-180.82,-335.27,105.41
AAOmega,6,57,H,F,61,5,58,58,-85.1,-387.05,105.51
AAOmega,6,58,H,F,61,5,57,57,11.7,-436.69,105.42
AAOmega,6,59,H,F,61,5,56,56,107.3,-382.87,105.6
AAOmega,6,60,H,F,61,5,55,55,200.43,-324.1,106.27
AAOmega,6,61,H,F,61,5,54,54,292.67,-265.74,105.77
AAOmega,6,62,H,F,61,5,53,53,388.58,-205.62,105.35
AAOmega,6,63,Sky,A5,7,0,4,4,0,0,NA
AAOmega,7,1,Sky,A1,7,0,4,4,0,0,NA
AAOmega,7,2,H,G,61,5,41,41,-316.05,309.26,106.51
AAOmega,7,3,H,G,61,5,42,42,-209.93,338.28,106.68
AAOmega,7,4,H,G,61,5,43,43,-105.7,373.82,106.49
AAOmega,7,5,H,G,61,5,44,44,4.34,402.05,107.12
AAOmega,7,6,H,G,61,5,45,45,112.47,425.33,106.27
AAOmega,7,7,H,G,61,5,46,46,194.72,352.55,106.37
AAOmega,7,8,H,G,61,5,47,47,272.21,274.84,106.56
AAOmega,7,9,H,G,61,5,48,48,349.88,196.18,106.76
AAOmega,7,10,H,G,61,5,49,49,428.5,112.45,106.45
AAOmega,7,11,H,G,61,5,50,50,403.95,5.22,106.58
AAOmega,7,12,H,G,61,5,51,51,374.6,-100.26,106.24
AAOmega,7,13,H,G,61,5,52,52,343.2,-206.67,106.71
AAOmega,7,14,H,G,61,4,30,30,266.48,-126.92,106.29
AAOmega,7,15,H,G,61,4,29,29,297.34,-21.08,106.53
AAOmega,7,16,H,G,61,4,28,28,321.83,86.92,107.03
AAOmega,7,17,H,G,61,4,27,27,242.58,168.36,106.37
AAOmega,7,18,H,G,61,4,26,26,164.17,246.4,106.97
AAOmega,7,19,H,G,61,4,25,25,81.9,320.45,106.88
AAOmega,7,20,H,G,61,4,24,24,-25.4,295.57,106.65
AAOmega,7,21,H,G,61,4,23,23,-130.33,260.42,107.02
AAOmega,7,22,H,G,61,4,22,22,-237.99,231.18,106.82
AAOmega,7,23,H,G,61,3,9,9,-159.31,153.91,106.36
AAOmega,7,24,H,G,61,3,10,10,-52.49,181.13,106.78
AAOmega,7,25,H,G,61,3,11,11,55.06,213.07,106.97
AAOmega,7,26,H,G,61,3,12,12,136.4,139.15,106.63
AAOmega,7,27,H,G,61,3,13,13,215.11,59.38,106.84
AAOmega,7,28,H,G,61,3,14,14,187.28,-47.1,106.59
AAOmega,7,29,H,G,61,2,4,4,108.31,30.43,106.43
AAOmega,7,30,H,G,61,2,3,3,28.24,106.34,106.33
AAOmega,7,31,H,G,61,2,2,2,-81.5,74.83,106.46
AAOmega,7,32,H,G,61,1,1,1,0,0,106
AAOmega,7,33,H,G,61,2,5,5,79.73,-75.15,106.54
AAOmega,7,34,H,G,61,2,6,6,-27.59,-106.28,106.8
AAOmega,7,35,H,G,61,2,7,7,-109.05,-32.18,106.6
AAOmega,7,36,H,G,61,3,8,8,-188.56,45.53,106.89
AAOmega,7,37,H,G,61,3,19,19,-216.21,-61.21,106.84
AAOmega,7,38,H,G,61,3,18,18,-138.1,-139.25,107.03
AAOmega,7,39,H,G,61,3,17,17,-55.79,-212.58,106.96
AAOmega,7,40,H,G,61,3,16,16,50.32,-183.73,106.36
AAOmega,7,41,H,G,61,3,15,15,156.85,-154.25,106.52
AAOmega,7,42,H,G,61,4,31,31,234.81,-232.27,106.74
AAOmega,7,43,H,G,61,4,32,32,128.42,-261.6,106.46
AAOmega,7,44,H,G,61,4,33,33,23.09,-290.98,106.43
AAOmega,7,45,H,G,61,4,34,34,-86.43,-319.17,106.85
AAOmega,7,46,H,G,61,4,35,35,-166.73,-245.14,106.71
AAOmega,7,47,H,G,61,4,36,36,-245.23,-166.99,106.71
AAOmega,7,48,H,G,61,4,37,37,-323.5,-90.26,106.9
AAOmega,7,49,H,G,61,4,20,20,-295.66,17.57,106.47
AAOmega,7,50,H,G,61,4,21,21,-265.58,123.86,106.78
AAOmega,7,51,H,G,61,5,40,40,-344.95,203.27,106.87
AAOmega,7,52,H,G,61,5,39,39,-372.48,97.04,106.54
AAOmega,7,53,H,G,61,5,38,38,-404.44,-8.29,106.7
AAOmega,7,54,H,G,61,5,61,61,-430.51,-117.3,106.5
AAOmega,7,55,H,G,61,5,60,60,-353.19,-196.39,106.8
AAOmega,7,56,H,G,61,5,59,59,-279.43,-277.53,106.41
AAOmega,7,57,H,G,61,5,58,58,-202.5,-355.6,106.89
AAOmega,7,58,H,G,61,5,57,57,-116.8,-425.47,106.36
AAOmega,7,59,H,G,61,5,56,56,-9.73,-399.09,106.92
AAOmega,7,60,H,G,61,5,55,55,97.06,-372.12,106.83
AAOmega,7,61,H,G,61,5,54,54,203.15,-341.6,106.89
AAOmega,7,62,H,G,61,5,53,53,309.4,-313.3,106.87
AAOmega,7,63,Sky,A4,7,0,4,4,0,0,NA
AAOmega,8,1,Sky,A2,7,0,4,4,0,0,NA
AAOmega,8,2,H,E,61,5,41,41,-251.76,367.59,106.39
AAOmega,8,3,H,E,61,5,42,42,-140.97,377.98,106.62
AAOmega,8,4,H,E,61,5,43,43,-30.31,389.52,106.53
AAOmega,8,5,H,E,61,5,44,44,82.24,397.38,106.93
AAOmega,8,6,H,E,61,5,45,45,193.56,404.62,106.15
AAOmega,8,7,H,E,61,5,46,46,257.44,311.61,106.35
AAOmega,8,8,H,E,61,5,47,47,319.89,220.37,106.39
AAOmega,8,9,H,E,61,5,48,48,383.26,128.21,106.56
AAOmega,8,10,H,E,61,5,49,49,443.93,34.29,106.45
AAOmega,8,11,H,E,61,5,50,50,396,-65.89,106.45
AAOmega,8,12,H,E,61,5,51,51,347.87,-165.38,106.41
AAOmega,8,13,H,E,61,5,52,52,301.14,-265.54,106.4
AAOmega,8,14,H,E,61,4,30,30,236.27,-175.58,106.33
AAOmega,8,15,H,E,61,4,29,29,284.71,-74.52,106.7
AAOmega,8,16,H,E,61,4,28,28,332.58,25.6,106.72
AAOmega,8,17,H,E,61,4,27,27,272.72,119.43,106.57
AAOmega,8,18,H,E,61,4,26,26,210.48,211.22,106.32
AAOmega,8,19,H,E,61,4,25,25,146.89,303.42,106.84
AAOmega,8,20,H,E,61,4,24,24,36.05,295.5,106.51
AAOmega,8,21,H,E,61,4,23,23,-75.15,287.89,106.54
AAOmega,8,22,H,E,61,4,22,22,-187.36,277.01,106.4
AAOmega,8,23,H,E,61,3,9,9,-122.4,186.53,106.72
AAOmega,8,24,H,E,61,3,10,10,-11,194.71,106.55
AAOmega,8,25,H,E,61,3,11,11,99.39,202.22,106.37
AAOmega,8,26,H,E,61,3,12,12,162.17,110.85,106.79
AAOmega,8,27,H,E,61,3,13,13,221.4,17.46,106.6
AAOmega,8,28,H,E,61,3,14,14,171.2,-85.76,106.43
AAOmega,8,29,H,E,61,2,4,4,110.68,8.07,106.37
AAOmega,8,30,H,E,61,2,3,3,51.81,102.75,106.02
AAOmega,8,31,H,E,61,2,2,2,-59.16,94.44,106.26
AAOmega,8,32,H,E,61,1,1,1,0,0,106
AAOmega,8,33,H,E,61,2,5,5,56.16,-95.45,106.23
AAOmega,8,34,H,E,61,2,6,6,-57.33,-97.91,105.99
AAOmega,8,35,H,E,61,2,7,7,-113.01,-2.54,106.04
AAOmega,8,36,H,E,61,3,8,8,-175.79,89.26,106.37
AAOmega,8,37,H,E,61,3,19,19,-226.2,-10.28,106.06
AAOmega,8,38,H,E,61,3,18,18,-168.3,-105.92,106.5
AAOmega,8,39,H,E,61,3,17,17,-106.4,-198.08,106.54
AAOmega,8,40,H,E,61,3,16,16,4.89,-192.63,106.36
AAOmega,8,41,H,E,61,3,15,15,121.92,-184.44,106.36
AAOmega,8,42,H,E,61,4,31,31,186.71,-275.27,106.38
AAOmega,8,43,H,E,61,4,32,32,69.71,-283.5,106.74
AAOmega,8,44,H,E,61,4,33,33,-41.4,-294.11,106.22
AAOmega,8,45,H,E,61,4,34,34,-152.84,-300.59,106.32
AAOmega,8,46,H,E,61,4,35,35,-217.28,-206.31,106.03
AAOmega,8,47,H,E,61,4,36,36,-281.83,-116.71,106.25
AAOmega,8,48,H,E,61,4,37,37,-337.36,-20.34,106.16
AAOmega,8,49,H,E,61,4,20,20,-289.9,80.18,106.2
AAOmega,8,50,H,E,61,4,21,21,-240.26,179.98,106.37
AAOmega,8,51,H,E,61,5,40,40,-305.16,269.85,106.8
AAOmega,8,52,H,E,61,5,39,39,-357.13,168.29,106.9
AAOmega,8,53,H,E,61,5,38,38,-403.99,68.2,106.46
AAOmega,8,54,H,E,61,5,61,61,-447.83,-35.06,106.16
AAOmega,8,55,H,E,61,5,60,60,-392.46,-130.88,106.49
AAOmega,8,56,H,E,61,5,59,59,-328.27,-221.33,106.68
AAOmega,8,57,H,E,61,5,58,58,-263.83,-311.55,106.2
AAOmega,8,58,H,E,61,5,57,57,-198.34,-401.1,106.55
AAOmega,8,59,H,E,61,5,56,56,-86.91,-395.3,106.31
AAOmega,8,60,H,E,61,5,55,55,23.55,-385.75,106.54
AAOmega,8,61,H,E,61,5,54,54,133.88,-375.26,106.46
AAOmega,8,62,H,E,61,5,53,53,253.06,-365.89,106.61
AAOmega,8,63,Sky,A3,7,0,5,5,0,0,NA
AAOmega,9,1,Sky,A5,7,0,5,5,0,0,NA
AAOmega,9,2,H,D,91,5,41,41,-233.4,379.42,106.06
AAOmega,9,3,H,D,91,5,42,42,-122.57,385.27,106.84
AAOmega,9,4,H,D,91,5,43,43,-11.07,389.82,106.84
AAOmega,9,5,H,D,91,5,44,44,100.21,393.89,106.55
AAOmega,9,6,H,D,91,5,45,45,211.09,398.65,106.32
AAOmega,9,7,H,D,91,5,46,46,269.625,304.625,106.755
AAOmega,9,8,H,D,91,5,47,47,328.61,210.355,106.735
AAOmega,9,9,H,D,91,5,48,48,389.41,115.495,106.85
AAOmega,9,10,H,D,91,5,49,49,450.125,20.02,106.785
AAOmega,9,11,H,D,91,5,50,50,399.805,-79.975,106.87
AAOmega,9,12,H,D,91,5,51,51,345.82,-179.865,106.97
AAOmega,9,13,H,D,91,5,52,52,289.675,-278.715,106.83
AAOmega,9,14,H,D,91,4,30,30,234.715,-181.86,106.78
AAOmega,9,15,H,D,91,4,29,29,287.825,-82.71,106.865
AAOmega,9,16,H,D,91,4,28,28,338.025,16.445,106.88
AAOmega,9,17,H,D,91,4,27,27,278.26,111.135,106.5
AAOmega,9,18,H,D,91,4,26,26,217.385,204.465,106.86
AAOmega,9,19,H,D,91,4,25,25,158.775,299.76,106.79
AAOmega,9,20,H,D,91,4,24,24,47.955,294.805,106.29
AAOmega,9,21,H,D,91,4,23,23,-63.135,290.355,107.21
AAOmega,9,22,H,D,91,4,22,22,-174.46,285.98,106.86
AAOmega,9,23,H,D,91,3,9,9,-116.815,189.765,106.415
AAOmega,9,24,H,D,91,3,10,10,-5.035,194.115,106.9
AAOmega,9,25,H,D,91,3,11,11,105.91,200.09,106.915
AAOmega,9,26,H,D,91,3,12,12,164.38,105.11,106.395
AAOmega,9,27,H,D,91,3,13,13,226.565,12.37,106.76
AAOmega,9,28,H,D,91,3,14,14,176.64,-86.885,107.12
AAOmega,9,29,H,D,91,2,4,4,112.92,4.58,106.57
AAOmega,9,30,H,D,91,2,3,3,52.685,98.815,106.64
AAOmega,9,31,H,D,91,2,2,2,-58.105,95.19,106.64
AAOmega,9,32,H,D,91,1,1,1,0,0,106
AAOmega,9,33,H,D,91,2,5,5,60.405,-93.585,106.4
AAOmega,9,34,H,D,91,2,6,6,-50.665,-99.99,106.74
AAOmega,9,35,H,D,91,2,7,7,-111.51,-6.4,107.125
AAOmega,9,36,H,D,91,3,8,8,-169.025,89.155,106.96
AAOmega,9,37,H,D,91,3,19,19,-222.46,-9.095,106.82
AAOmega,9,38,H,D,91,3,18,18,-164.255,-103.805,106.455
AAOmega,9,39,H,D,91,3,17,17,-103.725,-197.645,106.74
AAOmega,9,40,H,D,91,3,16,16,11.54,-193.075,106.8
AAOmega,9,41,H,D,91,3,15,15,123.84,-185.09,107.04
AAOmega,9,42,H,D,91,4,31,31,178.145,-282.61,107.19
AAOmega,9,43,H,D,91,4,32,32,67.455,-289.42,106.74
AAOmega,9,44,H,D,91,4,33,33,-44.115,-291.235,106.965
AAOmega,9,45,H,D,91,4,34,34,-157.095,-295.965,107.135
AAOmega,9,46,H,D,91,4,35,35,-218.18,-201.07,106.385
AAOmega,9,47,H,D,91,4,36,36,-276.635,-106.19,106.93
AAOmega,9,48,H,D,91,4,37,37,-334.105,-10.505,106.825
AAOmega,9,49,H,D,91,4,20,20,-281.245,87.225,106.885
AAOmega,9,50,H,D,91,4,21,21,-227.865,184.915,106.685
AAOmega,9,51,H,D,91,5,40,40,-285.91,279.995,107.135
AAOmega,9,52,H,D,91,5,39,39,-341.2,182.965,106.885
AAOmega,9,53,H,D,91,5,38,38,-392.65,84.83,107.005
AAOmega,9,54,H,D,91,5,61,61,-445.16,-14.22,106.97
AAOmega,9,55,H,D,91,5,60,60,-387.965,-110.62,107.22
AAOmega,9,56,H,D,91,5,59,59,-330.27,-205.795,107.26
AAOmega,9,57,H,D,91,5,58,58,-270.17,-299.635,106.91
AAOmega,9,58,H,D,91,5,57,57,-211.62,-393.34,106.97
AAOmega,9,59,H,D,91,5,56,56,-99.93,-392.24,106.78
AAOmega,9,60,H,D,91,5,55,55,10.99,-389.69,106.92
AAOmega,9,61,H,D,91,5,54,54,122.7,-385.49,106.83
AAOmega,9,62,H,D,91,5,53,53,233.6,-379.66,106.92
AAOmega,9,63,Sky,A1,7,0,5,5,0,0,NA
AAOmega,10,1,Sky,A4,7,0,5,5,0,0,NA
AAOmega,10,2,H,D,91,6,81,81,298.72,-469.11,106.77
AAOmega,10,3,H,D,91,6,82,82,182.6,-479.12,106.84
AAOmega,10,4,H,D,91,6,83,83,69.23,-483.96,107.36
AAOmega,10,5,H,D,91,6,84,84,-42.39,-487.85,106.84
AAOmega,10,6,H,D,91,6,85,85,-153.83,-490.54,107.39
AAOmega,10,7,H,D,91,6,86,86,-265.42,-489.87,106.84
AAOmega,10,8,H,D,91,6,87,87,-324.31,-396.53,107.17
AAOmega,10,9,H,D,91,6,88,88,-384.415,-303.035,107.14
AAOmega,10,10,H,D,91,6,89,89,-442.46,-208.045,107.085
AAOmega,10,11,H,D,91,6,90,90,-499.77,-111.545,106.785
AAOmega,10,12,H,D,91,6,91,91,-556.235,-12.74,107.18
AAOmega,10,13,H,D,91,6,62,62,-505.48,85.34,106.97
AAOmega,10,14,H,D,91,6,63,63,-453.49,183.46,107.31
AAOmega,10,15,H,D,91,6,64,64,-400.86,280.935,107.025
AAOmega,10,16,H,D,91,6,65,65,-345,377.17,106.475
AAOmega,10,17,H,H,37,4,30,30,294.57,-27.87,106.33
AAOmega,10,18,H,H,37,4,29,29,283.49,81.31,105.49
AAOmega,10,19,H,H,37,4,28,28,271.97,190.1,106.25
AAOmega,10,20,H,H,37,4,27,27,171.94,236.71,106.27
AAOmega,10,21,H,H,37,4,26,26,71.04,279.26,106.09
AAOmega,10,22,H,H,37,4,25,25,-31.56,328.18,106
AAOmega,10,23,H,H,37,4,24,24,-124.19,264.28,106.31
AAOmega,10,24,H,H,37,4,23,23,-215.84,198.99,106.16
AAOmega,10,25,H,H,37,4,22,22,-305.18,132.81,106.19
AAOmega,10,26,H,H,37,3,9,9,-204.38,89.81,106
AAOmega,10,27,H,H,37,3,10,10,-114.91,154.09,106.08
AAOmega,10,28,H,H,37,3,11,11,-24.28,218.86,106.15
AAOmega,10,29,H,H,37,3,12,12,82.97,170.82,106.43
AAOmega,10,30,H,H,37,3,13,13,183.36,124.95,106.46
AAOmega,10,31,H,H,37,3,14,14,193.57,15.59,106.37
AAOmega,10,32,H,H,37,2,4,4,92.77,60.06,106.73
AAOmega,10,33,H,H,37,2,3,3,-8.85,109.9,106.2
AAOmega,10,34,H,H,37,2,2,2,-103.85,43.48,106.01
AAOmega,10,35,H,H,37,1,1,1,0,0,106
AAOmega,10,36,H,H,37,2,5,5,104.49,-49.38,105.76
AAOmega,10,37,H,H,37,2,6,6,11.97,-109.43,106.13
AAOmega,10,38,H,H,37,2,7,7,-89.24,-65.14,106.16
AAOmega,10,39,H,H,37,3,8,8,-194.67,-19.58,105.93
AAOmega,10,40,H,H,37,3,19,19,-179.68,-128.14,106.02
AAOmega,10,41,H,H,37,3,18,18,-80.28,-175.6,106.25
AAOmega,10,42,H,H,37,3,17,17,21.13,-218.61,106.32
AAOmega,10,43,H,H,37,3,16,16,113.83,-159.23,106.15
AAOmega,10,44,H,H,37,3,15,15,205.03,-96.95,106.48
AAOmega,10,45,H,H,37,4,31,31,307.61,-137.67,106.47
AAOmega,10,46,H,H,37,4,32,32,218.59,-205.71,106.07
AAOmega,10,47,H,H,37,4,33,33,127.95,-268.91,106.57
AAOmega,10,48,BROKEN,H,37,4,34,34,35.1,-328.36,106.02
AAOmega,10,49,H,H,37,4,35,35,-66.76,-286.17,106.62
AAOmega,10,50,H,H,37,4,36,36,-168.24,-242.4,106.04
AAOmega,10,51,H,H,37,4,37,37,-267.74,-194.63,106.2
AAOmega,10,52,H,H,37,4,20,20,-284.76,-86.4,105.75
AAOmega,10,53,H,H,37,4,21,21,-297.5,23.08,106.1
AAOmega,10,54,H,D,91,6,66,66,-292,474.72,106.55
AAOmega,10,55,H,D,91,6,67,67,-181.06,479.94,106.81
AAOmega,10,56,H,D,91,6,68,68,-70.07,484.74,106.66
AAOmega,10,57,H,D,91,6,69,69,40.86,489.53,106.5
AAOmega,10,58,H,D,91,6,70,70,152.01,492.91,106.9
AAOmega,10,59,BROKEN,D,91,6,71,71,263.65,499.57,106.49
AAOmega,10,60,H,D,91,6,72,72,321.97,404.47,106.56
AAOmega,10,61,Sky,A2,7,0,5,5,0,0,NA
AAOmega,10,62,Sky,A3,7,0,6,6,0,0,NA
AAOmega,10,63,BLOCK,NA,NA,NA,NA,NA,NA,NA,NA
AAOmega,11,1,Sky,A5,7,0,6,6,0,0,NA
AAOmega,11,2,H,D,91,6,73,73,380.7,310.72,106.83
AAOmega,11,3,H,D,91,6,74,74,440.44,215.94,106.995
AAOmega,11,4,H,D,91,6,75,75,500.65,119.715,106.8
AAOmega,11,5,H,D,91,6,76,76,563.65,28.335,106.915
AAOmega,11,6,H,D,91,6,77,77,513.885,-71.73,106.675
AAOmega,11,7,H,D,91,6,78,78,460.715,-173.465,106.605
AAOmega,11,8,H,D,91,6,79,79,408.35,-272.175,106.98
AAOmega,11,9,H,D,91,6,80,80,351.48,-371.335,106.365
AAOmega,11,10,H,B,169,8,151,151,687.88,118.44,107.77
AAOmega,11,11,H,B,169,8,150,150,678.6,231.8,107.6
AAOmega,11,12,H,B,169,8,149,149,670.67,344.74,107.49
AAOmega,11,13,H,B,169,8,148,148,658.01,457.83,107.41
AAOmega,11,14,H,B,169,8,147,147,555.88,508.46,107.36
AAOmega,11,15,H,B,169,8,146,146,451.36,558.05,106.12
AAOmega,11,16,H,B,169,8,145,145,349.77,607.535,107.68
AAOmega,11,17,H,B,169,8,144,144,245.4,655.645,107.405
AAOmega,11,18,H,B,169,8,143,143,142.26,703.32,107.375
AAOmega,11,19,H,B,169,8,142,142,37.54,750.465,107.585
AAOmega,11,20,H,B,169,8,141,141,-66.83,795.18,107.355
AAOmega,11,21,H,B,169,8,140,140,-162.065,732.325,107.605
AAOmega,11,22,H,B,169,8,139,139,-255.655,668.025,108.125
AAOmega,11,23,H,B,169,8,138,138,-348.53,602.17,107.75
AAOmega,11,24,H,B,169,8,137,137,-443.15,535.61,107.16
AAOmega,11,25,H,B,169,8,136,136,-536.78,466.8,107.9
AAOmega,11,26,H,B,169,8,135,135,-631.78,396.86,107.56
AAOmega,11,27,H,B,169,8,134,134,-722.45,327.49,108.08
AAOmega,11,28,H,B,169,7,97,97,-620.53,277.88,107.55
AAOmega,11,29,H,B,169,7,98,98,-527.62,351.92,107.87
AAOmega,11,30,H,B,169,7,99,99,-431.575,422.08,107.555
AAOmega,11,31,H,B,169,7,100,100,-338.66,489.215,107.55
AAOmega,11,32,H,B,169,7,101,101,-245.59,554.05,107.73
AAOmega,11,33,H,B,169,7,102,102,-152.06,619.29,107.435
AAOmega,11,34,H,B,169,7,103,103,-56.25,682.27,107.51
AAOmega,11,35,H,B,169,7,104,104,49.045,637.225,107.35
AAOmega,11,36,H,B,169,7,105,105,152.73,589.66,107.3
AAOmega,11,37,H,B,169,7,106,106,256.09,542.555,107.49
AAOmega,11,38,H,B,169,7,107,107,358.62,493.69,107.71
AAOmega,11,39,H,B,169,7,108,108,461.21,444.5,107.75
AAOmega,11,40,H,B,169,7,109,109,563.46,394.21,107.27
AAOmega,11,41,H,B,169,7,110,110,574.78,281.02,107.78
AAOmega,11,42,H,B,169,7,111,111,584.1,168.18,107.6
AAOmega,11,43,H,B,169,7,112,112,593.675,54.59,107.97
AAOmega,11,44,H,B,169,7,113,113,604.46,-58.585,107.69
AAOmega,11,45,H,B,169,7,114,114,612.12,-173.16,107.64
AAOmega,11,46,H,B,169,6,80,80,509.33,-123.9,107.5
AAOmega,11,47,H,B,169,6,79,79,499.46,-10.465,107.445
AAOmega,11,48,H,B,169,6,78,78,490.24,103.45,107.65
AAOmega,11,49,H,B,169,6,77,77,480.97,216.31,107.02
AAOmega,11,50,H,B,169,6,76,76,469.47,329.99,107.82
AAOmega,11,51,H,B,169,6,75,75,367.925,380.39,107.625
AAOmega,11,52,H,B,169,6,74,74,264.37,428.325,107.515
AAOmega,11,53,H,B,169,6,73,73,161.455,476.81,107.28
AAOmega,11,54,H,B,169,6,72,72,57.895,523.39,107.435
AAOmega,11,55,H,B,169,6,71,71,-46.58,569.185,107.58
AAOmega,11,56,H,B,169,6,70,70,-141.16,505.655,107.575
AAOmega,11,57,H,B,169,6,69,69,-234.345,441.25,107.8
AAOmega,11,58,H,B,169,6,68,68,-328.14,376.725,107.385
AAOmega,11,59,H,B,169,6,67,67,-422.15,308.65,107.585
AAOmega,11,60,H,B,169,6,66,66,-513.32,238.54,107.93
AAOmega,11,61,Sky,A1,7,0,6,6,0,0,NA
AAOmega,11,62,Sky,A4,7,0,6,6,0,0,NA
AAOmega,11,63,BLOCK,NA,NA,NA,NA,NA,NA,NA,NA
AAOmega,12,1,Sky,A2,7,0,6,6,0,0,NA
AAOmega,12,2,H,B,169,5,41,41,-408.86,195.265,107.71
AAOmega,12,3,H,B,169,5,42,42,-317.555,263.105,107.46
AAOmega,12,4,H,B,169,5,43,43,-223.36,327.71,107.38
AAOmega,12,5,H,B,169,5,44,44,-130.44,393.01,107.55
AAOmega,12,6,H,B,169,5,45,45,-35.895,455.6,107.62
AAOmega,12,7,H,B,169,5,46,46,68.41,410.595,107.5
AAOmega,12,8,H,B,169,5,47,47,171.355,363.42,107.69
AAOmega,12,9,H,B,169,5,48,48,274.86,314.485,107.32
AAOmega,12,10,H,B,169,5,49,49,376.715,263.8,107.43
AAOmega,12,11,H,B,169,5,50,50,386.44,150.395,107.605
AAOmega,12,12,H,B,169,5,51,51,397.038,37.1875,107.907
AAOmega,12,13,H,B,169,5,52,52,405.913,-76.7125,107.567
AAOmega,12,14,H,B,169,4,30,30,302.183,-28.6175,107.785
AAOmega,12,15,H,B,169,4,29,29,293.227,85.3575,107.925
AAOmega,12,16,H,B,169,4,28,28,283.405,198.705,107.63
AAOmega,12,17,H,B,169,4,27,27,181.325,248.935,107.375
AAOmega,12,18,H,B,169,4,26,26,77.8,296.88,107.41
AAOmega,12,19,H,B,169,4,25,25,-26.215,342.655,107.525
AAOmega,12,20,H,B,169,4,24,24,-120.69,279.495,107.805
AAOmega,12,21,H,B,169,4,23,23,-214.085,213.65,107.62
AAOmega,12,22,H,B,169,4,22,22,-311.78,135.395,107.67
AAOmega,12,23,H,B,169,3,9,9,-204.38,100.25,107.71
AAOmega,12,24,H,B,169,3,10,10,-110.1,164.01,107.455
AAOmega,12,25,H,B,169,3,11,11,-17.13,229.92,107.715
AAOmega,12,26,H,B,169,3,12,12,85.395,179.725,107.63
AAOmega,12,27,H,B,169,3,13,13,189.42,133.47,107.53
AAOmega,12,28,H,B,169,3,14,14,199.103,19.94,107.502
AAOmega,12,29,H,B,169,2,4,4,95.0025,66.495,107.655
AAOmega,12,30,H,B,169,2,3,3,-7.755,113.945,107.455
AAOmega,12,31,H,B,169,2,2,2,-105.625,43.19,107.7
AAOmega,12,32,H,B,169,1,1,1,0,0,107
AAOmega,12,33,H,B,169,2,5,5,102.45,-48.6125,107.25
AAOmega,12,34,H,B,169,2,6,6,9.2,-116.775,107.64
AAOmega,12,35,H,B,169,2,7,7,-93.9025,-70.215,107.47
AAOmega,12,36,H,B,169,3,8,8,-197.83,-23.025,107.7
AAOmega,12,37,H,B,169,3,19,19,-187.02,-136.62,107.545
AAOmega,12,38,H,B,169,3,18,18,-83.825,-183.35,107.525
AAOmega,12,39,H,B,169,3,17,17,20.14,-229.64,107.86
AAOmega,12,40,H,B,169,3,16,16,113.18,-162.735,107.645
AAOmega,12,41,H,B,169,3,15,15,207.185,-93.6675,107.575
AAOmega,12,42,H,B,169,4,31,31,309.54,-141.995,107.745
AAOmega,12,43,H,B,169,4,32,32,216.775,-210.645,107.47
AAOmega,12,44,H,B,169,4,33,33,123.64,-276.82,107.425
AAOmega,12,45,H,B,169,4,34,34,31.25,-343.675,107.605
AAOmega,12,46,H,B,169,4,35,35,-72.07,-297.045,107.51
AAOmega,12,47,H,B,169,4,36,36,-175.96,-250.085,107.8
AAOmega,12,48,H,B,169,4,37,37,-279.94,-204.2,107.505
AAOmega,12,49,H,B,169,4,20,20,-291.525,-90.925,107.535
AAOmega,12,50,H,B,169,4,21,21,-302.015,22.0475,107.468
AAOmega,12,51,H,B,169,5,40,40,-405.132,69.945,107.153
AAOmega,12,52,H,B,169,5,39,39,-395.373,-42.9625,107.99
AAOmega,12,53,H,B,169,5,38,38,-384.595,-156.3,107.65
AAOmega,12,54,H,B,169,5,61,61,-372.275,-269.91,107.5
AAOmega,12,55,H,B,169,5,60,60,-268.37,-317.315,107.4
AAOmega,12,56,H,B,169,5,59,59,-165.125,-363.275,107.46
AAOmega,12,57,H,B,169,5,58,58,-60.92,-410.08,107.455
AAOmega,12,58,H,B,169,5,57,57,42.15,-456.985,107.655
AAOmega,12,59,H,B,169,5,56,56,135.2,-390.65,107.735
AAOmega,12,60,H,B,169,5,55,55,227.72,-324.705,107.75
AAOmega,12,61,Sky,A3,7,0,7,7,0,0,NA
AAOmega,12,62,Sky,A5,7,0,7,7,0,0,NA
AAOmega,12,63,BLOCK,NA,NA,NA,NA,NA,NA,NA,NA
AAOmega,13,1,Sky,A1,7,0,7,7,0,0,NA
AAOmega,13,2,SKY,A4,7,0,7,7,0,0,NA
AAOmega,13,3,H,B,169,5,54,54,319.99,-257.325,107.565
AAOmega,13,4,H,B,169,5,53,53,412.205,-191.095,107.545
AAOmega,13,5,H,B,169,6,81,81,516.2,-236.57,107.94
AAOmega,13,6,H,B,169,6,82,82,423.695,-304.21,107.675
AAOmega,13,7,H,B,169,6,83,83,332.915,-372.245,107.56
AAOmega,13,8,H,B,169,6,84,84,239.305,-438.455,107.41
AAOmega,13,9,H,B,169,6,85,85,145.905,-503.99,107.59
AAOmega,13,10,H,B,169,6,86,86,53.275,-570.485,107.64
AAOmega,13,11,H,B,169,6,87,87,-50.535,-523.565,107.775
AAOmega,13,12,H,B,169,6,88,88,-153.69,-476.68,107.24
AAOmega,13,13,H,B,169,6,89,89,-257.635,-430.47,107.41
AAOmega,13,14,H,B,169,6,90,90,-362.05,-383.33,107.585
AAOmega,13,15,H,B,169,6,91,91,-464.52,-335.99,107.42
AAOmega,13,16,H,B,169,6,62,62,-477.33,-222.94,107.47
AAOmega,13,17,H,B,169,6,63,63,-487.95,-109.11,107.58
AAOmega,13,18,H,B,169,6,64,64,-499.03,5.125,107.72
AAOmega,13,19,H,B,169,6,65,65,-505.51,124.38,107.81
AAOmega,13,20,H,B,169,7,96,96,-612.17,164.45,107.89
AAOmega,13,21,H,B,169,7,95,95,-603.57,50.6,107.78
AAOmega,13,22,H,B,169,7,94,94,-591.975,-62.48,107.725
AAOmega,13,23,H,B,169,7,93,93,-582.36,-175.77,107.58
AAOmega,13,24,H,B,169,7,92,92,-570.05,-288.12,107.6
AAOmega,13,25,H,B,169,7,127,127,-557.03,-401.25,107.52
AAOmega,13,26,H,B,169,7,126,126,-453.99,-449.86,107.6
AAOmega,13,27,H,B,169,7,125,125,-351.135,-497.17,107.705
AAOmega,13,28,H,B,169,7,124,124,-247,-543.475,107.205
AAOmega,13,29,H,B,169,7,123,123,-142.625,-589.76,107.53
AAOmega,13,30,H,B,169,7,122,122,-41.195,-639.945,107.51
AAOmega,13,31,H,B,169,7,121,121,63.45,-683.465,107.54
AAOmega,13,32,H,B,169,7,120,120,156.535,-618.345,107.525
AAOmega,13,33,H,B,169,7,119,119,250,-552.935,107.7
AAOmega,13,34,H,B,169,7,118,118,342.445,-486.35,107.45
AAOmega,13,35,H,B,169,7,117,117,435.74,-422.04,107.63
AAOmega,13,36,H,B,169,7,116,116,526.58,-353.04,107.7
AAOmega,13,37,H,B,169,7,115,115,618.58,-286.27,107.55
AAOmega,13,38,H,B,169,8,155,155,721.34,-335.72,107.97
AAOmega,13,39,H,B,169,8,156,156,629.47,-403.25,107.74
AAOmega,13,40,H,B,169,8,157,157,538.44,-469.99,107.87
AAOmega,13,41,H,B,169,8,158,158,445.405,-535.77,107.485
AAOmega,13,42,H,B,169,8,159,159,352.945,-601.665,107.44
AAOmega,13,43,H,B,169,8,160,160,260.275,-666.98,107.79
AAOmega,13,44,H,B,169,8,161,161,167.07,-732.2,107.765
AAOmega,13,45,H,B,169,8,162,162,73.095,-796.71,107.3
AAOmega,13,46,H,B,169,8,163,163,-32.39,-754.61,107.72
AAOmega,13,47,H,B,169,8,164,164,-134.8,-704.875,107.715
AAOmega,13,48,H,B,169,8,165,165,-237.665,-656.515,107.515
AAOmega,13,49,H,B,169,8,166,166,-343.885,-617.845,107.57
AAOmega,13,50,H,B,169,8,167,167,-443.44,-563.49,107.43
AAOmega,13,51,H,B,169,8,168,168,-549.11,-521.15,107.68
AAOmega,13,52,H,B,169,8,169,169,-649.67,-467.62,107.71
AAOmega,13,53,H,B,169,8,128,128,-663.26,-354.24,107.86
AAOmega,13,54,H,B,169,8,129,129,-674.8,-241.64,107.84
AAOmega,13,55,H,B,169,8,130,130,-685.83,-127.5,107.9
AAOmega,13,56,H,B,169,8,131,131,-697.515,-14.88,108.01
AAOmega,13,57,H,B,169,8,132,132,-707.16,99.27,107.9
AAOmega,13,58,H,B,169,8,133,133,-714.93,213.26,107.9
AAOmega,13,59,H,B,169,8,152,152,699.745,5.09,107.65
AAOmega,13,60,H,B,169,8,153,153,706.55,-108.51,107.93
AAOmega,13,61,H,B,169,8,154,154,715.44,-221.35,107.44
AAOmega,13,62,Sky,A2,7,0,7,7,0,0,NA
AAOmega,13,63,BLOCK,NA,NA,NA,NA,NA,NA,NA,NA
Spector,1,1,Sky,H7,8,0,1,1,0,0,NA
Spector,1,2,H,I,91,5,50,50,375.535,153.155,106.24
Spector,1,3,H,I,91,5,51,51,390.97,44.02,106.54
Spector,1,4,H,I,91,5,52,52,396.68,-67.03,106.535
Spector,1,5,H,I,91,4,30,30,294.575,-23.97,106.935
Spector,1,6,H,I,91,4,29,29,286.755,87.085,106.2
Spector,1,7,H,I,91,4,28,28,270.475,196.93,106.155
Spector,1,8,H,I,91,4,27,27,170.23,243.21,106.465
Spector,1,9,H,I,91,4,26,26,69.52,286.065,105.94
Spector,1,10,H,I,91,4,25,25,-48.8,326.66,106.52
Spector,1,11,H,I,91,4,24,24,-138.895,261.395,106.615
Spector,1,12,H,I,91,4,23,23,-226.17,193.8,106.485
Spector,1,13,H,I,91,4,22,22,-314.185,125.065,106.965
Spector,1,14,H,I,91,3,9,9,-211.33,83.605,106.88
Spector,1,15,H,I,91,3,10,10,-123.04,151.31,106.5
Spector,1,16,H,I,91,3,11,11,-19.35,219.97,106.645
Spector,1,17,H,I,91,3,12,12,84.115,175.145,106.41
Spector,1,18,H,I,91,3,13,13,183.975,128.185,105.935
Spector,1,19,H,I,91,3,14,14,191.68,17.775,106.035
Spector,1,20,H,I,91,2,4,4,91.84,64.51,105.95
Spector,1,21,H,I,91,2,3,3,-20.595,108.935,106.595
Spector,1,22,H,I,91,2,2,2,-109.2,39.995,106.835
Spector,1,23,H,I,91,1,1,1,0,0,106
Spector,1,24,H,I,91,2,5,5,100.78,-45.545,106.235
Spector,1,25,H,I,91,2,6,6,8.55,-110.935,106.785
Spector,1,26,H,I,91,2,7,7,-94.745,-69.85,107.025
Spector,1,27,H,I,91,3,8,8,-198.125,-27,106.91
Spector,1,28,H,I,91,3,19,19,-184.7,-137.83,107.15
Spector,1,29,H,I,91,3,18,18,-81.645,-180.245,106.655
Spector,1,30,H,I,91,3,17,17,21.54,-220.85,107.085
Spector,1,31,H,I,91,3,16,16,113.5,-157.875,106.465
Spector,1,32,H,I,91,3,15,15,203.285,-91.97,107.07
Spector,1,33,H,I,91,4,31,31,305.205,-134.915,106.97
Spector,1,34,H,I,91,4,32,32,216.725,-203.375,106.795
Spector,1,35,H,I,91,4,33,33,124.905,-269.43,106.775
Spector,1,36,H,I,91,4,34,34,33.6,-331.38,106.57
Spector,1,37,H,I,91,4,35,35,-69.865,-292.345,107.095
Spector,1,38,H,I,91,4,36,36,-174.195,-249.095,106.415
Spector,1,39,H,I,91,4,37,37,-274.665,-204.58,106.525
Spector,1,40,H,I,91,4,20,20,-289.81,-95.585,106.655
Spector,1,41,H,I,91,4,21,21,-301.79,14.875,106.445
Spector,1,42,H,I,91,5,40,40,-409.165,58.735,107.215
Spector,1,43,H,I,91,5,39,39,-396.35,-51.805,107.32
Spector,1,44,sky,H3,8,0,1,1,0,0,NA
Spector,1,45,sky,H1,8,0,2,1,0,0,NA
Spector,2,1,Sky,H5,8,0,1,1,0,0,NA
Spector,2,2,H,I,91,5,38,38,-383.435,-161.87,107.05
Spector,2,3,H,I,91,5,61,61,-365.795,-271.63,106.905
Spector,2,4,H,I,91,5,60,60,-263.81,-316.56,106.48
Spector,2,5,H,I,91,5,59,59,-161.84,-358.97,106.69
Spector,2,6,H,I,91,5,58,58,-59.89,-402.75,106.89
Spector,2,7,H,I,91,5,57,57,44.28,-440.87,106.64
Spector,2,8,H,I,91,5,56,56,135.31,-379.34,106.72
Spector,2,9,H,I,91,5,55,55,230.5,-313.64,106.69
Spector,2,10,H,I,91,5,54,54,319.895,-246.64,107.085
Spector,2,11,H,I,91,5,53,53,407.77,-177.35,107.025
Spector,2,12,H,I,91,6,81,81,511.03,-217.42,106.73
Spector,2,13,H,I,91,6,82,82,423.675,-287.75,107.18
Spector,2,14,H,I,91,6,83,83,335.84,-356.13,106.57
Spector,2,15,H,I,91,6,84,84,247.95,-422.9,106.14
Spector,2,16,H,I,91,6,85,85,157.67,-487.95,106.81
Spector,2,17,H,I,91,6,86,86,65.6,-549.75,106.5
Spector,2,18,H,I,91,6,87,87,-39.94,-512.96,106.23
Spector,2,19,H,I,91,6,88,88,-147.25,-471.54,106.6
Spector,2,20,H,I,91,6,89,89,-249.75,-429.29,106.84
Spector,2,21,H,I,91,6,90,90,-352.64,-386.48,106.83
Spector,2,22,H,I,91,6,91,91,-454.11,-340.12,106.82
Spector,2,23,H,I,91,6,62,62,-470.875,-230.145,106.89
Spector,2,24,H,I,91,6,63,63,-485.855,-119.235,107.125
Spector,2,25,H,I,91,6,64,64,-500.53,-9.64,106.775
Spector,2,26,H,I,91,6,65,65,-513.76,99.755,107.18
Spector,2,27,H,I,91,5,49,49,357.275,264.83,106.33
Spector,2,28,H,I,91,5,48,48,257.615,311.525,106.345
Spector,2,29,H,I,91,5,47,47,155.11,354.81,106.44
Spector,2,30,H,I,91,5,46,46,52.4,396.98,106.51
Spector,2,31,H,I,91,5,45,45,-50.25,437.37,106.51
Spector,2,32,H,I,91,5,44,44,-148.63,375.28,106.51
Spector,2,33,H,I,91,5,43,43,-238.835,309.735,107.36
Spector,2,34,H,I,91,5,42,42,-327.73,243.615,107.24
Spector,2,35,H,I,91,5,41,41,-415.355,172.285,106.565
Spector,2,36,H,I,91,6,66,66,-519.24,212.33,107.27
Spector,2,37,H,I,91,6,67,67,-431.945,282.655,107.265
Spector,2,38,H,I,91,6,68,68,-343.52,352.67,106.6
Spector,2,39,H,I,91,6,69,69,-255.74,420.11,106.5
Spector,2,40,H,I,91,6,70,70,-166,484.83,106.35
Spector,2,41,H,I,91,6,71,71,-74.8,546.61,106.77
Spector,2,42,H,I,91,6,72,72,34.22,507.03,106.79
Spector,2,43,H,I,91,6,73,73,140.06,466.74,106.22
Spector,2,44,Sky,H4,8,0,1,1,0,0,NA
Spector,2,45,Sky,H2,8,0,1,1,0,0,NA
Spector,3,1,Sky,H1,8,0,1,1,0,0,NA
Spector,3,2,H,I,91,6,74,74,241.79,424.74,106.54
Spector,3,3,H,I,91,6,75,75,343.26,380.95,106.35
Spector,3,4,H,I,91,6,76,76,442.56,334.42,106.81
Spector,3,5,H,I,91,6,77,77,462.155,225.49,106.875
Spector,3,6,H,I,91,6,78,78,478.21,113.015,106.4
Spector,3,7,H,I,91,6,79,79,493.48,3.89,106.285
Spector,3,8,H,I,91,6,80,80,500.455,-106.585,106.66
Spector,3,9,H,J,61,5,50,50,400.82,-52.6,106.56
Spector,3,10,H,J,61,5,51,51,356.12,-155.71,105.96
Spector,3,11,H,J,61,5,52,52,308.44,-258.29,105.99
Spector,3,12,H,J,61,4,30,30,246.06,-167.19,106.34
Spector,3,13,H,J,61,4,29,29,291.29,-66.74,106.16
Spector,3,14,H,J,61,4,28,28,330.68,36.96,106.4
Spector,3,15,H,J,61,4,27,27,267.34,126.31,105.63
Spector,3,16,H,J,61,4,26,26,203.4,216.31,106.02
Spector,3,17,H,J,61,4,25,25,140.98,306.67,106.16
Spector,3,18,H,J,61,4,24,24,31.63,295.15,106.27
Spector,3,19,H,J,61,4,23,23,-77.81,286.36,106.2
Spector,3,20,H,J,61,4,22,22,-188.39,274.06,106.41
Spector,3,21,H,J,61,3,9,9,-127.17,182.19,106.1
Spector,3,22,H,J,61,3,10,10,-16.05,194.61,106.42
Spector,3,23,H,J,61,3,11,11,94.16,204.27,105.86
Spector,3,24,H,J,61,3,12,12,157.16,113.31,105.93
Spector,3,25,H,J,61,3,13,13,220.75,20.83,106.03
Spector,3,26,H,J,61,3,14,14,176.45,-80.07,105.97
Spector,3,27,H,J,61,2,4,4,110.89,13.22,105.84
Spector,3,28,H,J,61,2,3,3,47.25,102.96,106.07
Spector,3,29,H,J,61,2,2,2,-62.75,91.82,105.93
Spector,3,30,H,J,61,1,1,1,0,0,106
Spector,3,31,H,J,61,2,5,5,65.94,-87.98,105.97
Spector,3,32,H,J,61,2,6,6,-47.92,-99.52,106.35
Spector,3,33,H,J,61,2,7,7,-110.78,-8.73,105.45
Spector,3,34,H,J,61,3,8,8,-173.5,82.01,105.88
Spector,3,35,H,J,61,3,19,19,-221.28,-17.75,106.09
Spector,3,36,H,J,61,3,18,18,-158.9,-108.23,105.95
Spector,3,37,H,J,61,3,17,17,-91.85,-200.57,105.52
Spector,3,38,H,J,61,3,16,16,17.88,-188.45,105.85
Spector,3,39,H,J,61,3,15,15,128,-179.56,105.79
Spector,3,40,H,J,61,4,31,31,196.41,-266.69,106.07
Spector,3,41,H,J,61,4,32,32,82.86,-279.62,105.33
Spector,3,42,H,J,61,4,33,33,-25.95,-296.12,105.63
Spector,3,43,H,J,61,4,34,34,-136.16,-302.04,105.74
Spector,3,44,Sky,H6,8,0,1,1,0,0,NA
Spector,3,45,Sky,H7,8,0,2,2,0,0,NA
Spector,4,1,Sky,H3,8,0,2,2,0,0,NA
Spector,4,2,H,J,61,4,35,35,-202.68,-209,105.61
Spector,4,3,H,J,61,4,36,36,-268.81,-117.13,106.06
Spector,4,4,H,J,61,4,37,37,-331.48,-25.67,106.77
Spector,4,5,H,J,61,4,20,20,-283.44,74.08,105.8
Spector,4,6,H,J,61,4,21,21,-237.23,174.28,105.83
Spector,4,7,H,J,61,5,40,40,-303.02,261.62,106
Spector,4,8,H,J,61,5,39,39,-349.2,161.99,105.59
Spector,4,9,H,J,61,5,38,38,-396.63,63.43,105.57
Spector,4,10,H,J,61,5,61,61,-441.59,-37.29,105.7
Spector,4,11,H,J,61,5,60,60,-383.93,-130.46,105.45
Spector,4,12,H,J,61,5,59,59,-314.6,-216.95,105.26
Spector,4,13,H,J,61,5,58,58,-248.79,-309.68,106.25
Spector,4,14,H,J,61,5,57,57,-183.39,-401.18,106.18
Spector,4,15,H,J,61,5,56,56,-73.39,-396.49,105.89
Spector,4,16,H,J,61,5,55,55,37.34,-385.87,105.82
Spector,4,17,H,J,61,5,54,54,147.48,-368.52,106.14
Spector,4,18,H,J,61,5,53,53,258.71,-357.17,106.2
Spector,4,19,H,J,61,5,49,49,440.33,50.45,106.06
Spector,4,20,H,J,61,5,48,48,376.1,139.46,106.05
Spector,4,21,H,J,61,5,47,47,312.52,229.72,106.3
Spector,4,22,H,J,61,5,46,46,249.91,319.84,105.93
Spector,4,23,H,J,61,5,45,45,184.33,408.01,105.79
Spector,4,24,H,J,61,5,44,44,75.72,396.39,105.62
Spector,4,25,H,J,61,5,43,43,-34.56,387.55,105.87
Spector,4,26,H,J,61,5,42,42,-144.64,376.75,106.11
Spector,4,27,H,J,61,5,41,41,-255.69,360.89,106.04
Spector,4,28,H,K,61,5,53,53,386.01,-222.13,106.21
Spector,4,29,H,K,61,5,54,54,292.21,-279.27,106.54
Spector,4,30,H,K,61,5,55,55,199.25,-338.84,106.67
Spector,4,31,H,K,61,5,56,56,102.06,-391.35,105.99
Spector,4,32,H,K,61,5,57,57,5.82,-446.13,105.82
Spector,4,33,H,K,61,5,58,58,-89.92,-391.35,105.82
Spector,4,34,H,K,61,5,41,41,-380.17,226.51,106.26
Spector,4,35,H,K,61,5,42,42,-285.44,286.04,106.33
Spector,4,36,H,K,61,5,43,43,-190.06,341.08,106.19
Spector,4,37,H,K,61,5,44,44,-93.7,395.08,105.71
Spector,4,38,H,K,61,5,45,45,2.96,448.91,106.3
Spector,4,39,H,K,61,5,46,46,99.71,396,105.94
Spector,4,40,H,K,61,5,47,47,195.45,339.66,106.54
Spector,4,41,H,K,61,5,48,48,288.92,280.29,106.58
Spector,4,42,H,K,61,5,49,49,381.47,220.94,105.65
Spector,4,43,H,K,61,5,50,50,387.37,110.03,106.23
Spector,4,44,Sky,H5,8,0,2,2,0,0,NA
Spector,4,45,Sky,H2,8,0,2,2,0,0,NA
Spector,5,1,Sky,H4,8,0,2,2,0,0,NA
Spector,5,2,H,K,61,5,51,51,389.4,-1.1,106.17
Spector,5,3,H,K,61,5,52,52,388.92,-112.18,106.52
Spector,5,4,H,K,61,4,30,30,293.58,-55.18,106.19
Spector,5,5,H,K,61,4,29,29,291.44,55.89,106.12
Spector,5,6,H,K,61,4,28,28,286.6,166.13,106.77
Spector,5,7,H,K,61,4,27,27,192.78,224.67,105.64
Spector,5,8,H,K,61,4,26,26,98.83,283.28,106.4
Spector,5,9,H,K,61,4,25,25,2.82,338.26,106.65
Spector,5,10,H,K,61,4,24,24,-93.45,284.73,106.51
Spector,5,11,H,K,61,4,23,23,-189.89,230.53,106.36
Spector,5,12,BROKEN,NA,NA,NA,NA,NA,NA,NA,NA
Spector,5,13,H,K,61,4,22,22,-284.03,172.23,106.26
Spector,5,14,H,K,61,3,9,9,-189.66,114.31,105.54
Spector,5,15,H,K,61,3,10,10,-95.62,174.17,105.21
Spector,5,16,H,K,61,3,11,11,0.71,227.48,106.29
Spector,5,17,H,K,61,3,12,12,96.05,171.38,105.57
Spector,5,18,H,K,61,3,13,13,189.8,112.21,105.71
Spector,5,19,H,K,61,3,14,14,194.4,1.79,106.57
Spector,5,20,H,K,61,2,4,4,93.37,58.28,105.76
Spector,5,21,H,K,61,2,3,3,-0.7,116.88,105.86
Spector,5,22,H,K,61,2,2,2,-94.64,57.36,105.5
Spector,5,23,H,K,61,1,1,1,0,0,106
Spector,5,24,H,K,61,2,5,5,97.86,-52.44,105.71
Spector,5,25,H,K,61,2,6,6,4.03,-111.4,105.44
Spector,5,26,H,K,61,2,7,7,-95.63,-56.4,106.44
Spector,5,27,H,K,61,3,8,8,-190.34,1.47,106.15
Spector,5,28,H,K,61,3,19,19,-190.71,-111.71,105.51
Spector,5,29,H,K,61,3,18,18,-91.78,-167.01,105.97
Spector,5,30,H,K,61,3,17,17,7.27,-221.91,105.89
Spector,5,31,H,K,61,3,16,16,101.39,-163.47,105.55
Spector,5,32,H,K,61,3,15,15,197.47,-108.75,106.3
Spector,5,33,H,K,61,4,31,31,292.06,-166.31,105.9
Spector,5,34,H,K,61,4,32,32,196.65,-221.54,106.52
Spector,5,35,H,K,61,4,33,33,101.97,-280.25,105.72
Spector,5,36,H,K,61,4,34,34,5.54,-335.26,106.05
Spector,5,37,H,K,61,4,35,35,-89.11,-277.37,105.98
Spector,5,38,H,K,61,4,36,36,-186.51,-223.84,105.93
Spector,5,39,H,K,61,4,37,37,-284.27,-171.12,105.82
Spector,5,40,H,K,61,4,20,20,-284.98,-55.21,106.01
Spector,5,41,H,K,61,4,21,21,-285.26,57.32,105.65
Spector,5,42,H,K,61,5,40,40,-380.98,114.22,105.26
Spector,5,43,H,K,61,5,39,39,-380.87,0.24,106.14
Spector,5,44,H,K,61,5,38,38,-379.53,-112.13,105.39
Spector,5,45,Sky,H6,8,0,2,2,0,0,NA
Spector,6,1,Sky,H7,8,0,3,3,0,0,NA
Spector,6,2,H,K,61,5,61,61,-381.96,-222.4,105.36
Spector,6,3,H,K,61,5,60,60,-281.99,-281.36,105.44
Spector,6,4,H,K,61,5,59,59,-184.22,-334.05,105.54
Spector,6,5,H,L,61,4,29,29,291.18,73.55,106.18
Spector,6,6,H,L,61,4,28,28,281.41,185.07,106.14
Spector,6,7,H,L,61,4,27,27,178.85,237.62,105.83
Spector,6,8,H,L,61,4,26,26,78.6,286.88,106.08
Spector,6,9,H,L,61,4,25,25,-22.78,331.91,105.88
Spector,6,10,H,L,61,4,24,24,-119.28,274.99,106.03
Spector,6,11,H,L,61,4,23,23,-210.64,211.7,105.87
Spector,6,12,H,L,61,4,22,22,-300.56,147.11,105.72
Spector,6,13,H,L,61,3,9,9,-199.71,101.49,105.68
Spector,6,14,H,L,61,3,10,10,-107.38,162.45,105.85
Spector,6,15,H,L,61,3,11,11,-13.55,222.04,105.99
Spector,6,16,H,L,61,3,12,12,87.48,173.76,105.74
Spector,6,17,H,L,61,3,13,13,186.41,123.49,105.61
Spector,6,18,H,L,61,3,14,14,193.6,12.96,105.72
Spector,6,19,H,L,61,2,4,4,94.42,61.97,105.67
Spector,6,20,H,L,61,2,3,3,-5.41,111.38,106.01
Spector,6,21,H,L,61,2,2,2,-98.71,51.46,105.98
Spector,6,22,H,L,61,1,1,1,0,0,106
Spector,6,23,H,L,61,2,5,5,100.77,-48.63,105.81
Spector,6,24,H,L,61,2,6,6,6.48,-111.02,105.89
Spector,6,25,H,L,61,2,7,7,-94.05,-62.72,106.18
Spector,6,26,H,L,61,3,8,8,-192.43,-12.69,106.29
Spector,6,27,H,L,61,3,19,19,-186.19,-124.83,106.37
Spector,6,28,H,L,61,3,18,18,-84.55,-175.75,106.09
Spector,6,29,H,L,61,3,17,17,16.86,-222.11,105.82
Spector,6,30,H,L,61,3,16,16,109.09,-159.67,105.55
Spector,6,31,H,L,61,3,15,15,201.21,-97.66,105.59
Spector,6,32,H,L,61,4,31,31,301.45,-149.95,106.08
Spector,6,33,H,L,61,4,32,32,208.71,-211.42,105.86
Spector,6,34,H,L,61,4,33,33,116.86,-272.85,105.8
Spector,6,35,H,L,61,4,34,34,23.44,-332.68,105.77
Spector,6,36,H,L,61,4,35,35,-77.99,-286.99,105.78
Spector,6,37,H,L,61,4,36,36,-176.96,-237.04,105.68
Spector,6,38,H,L,61,4,37,37,-281.33,-184.92,105.81
Spector,6,39,H,L,61,4,20,20,-284.98,-73.87,105.96
Spector,6,40,H,L,61,4,21,21,-291.73,36.95,105.15
Spector,6,41,H,L,61,5,40,40,-395.47,80.6,106.32
Spector,6,42,H,L,61,5,39,39,-387.08,-31,106.03
Spector,6,43,H,L,61,5,38,38,-383.29,-141.36,106.21
Spector,6,44,Sky,H3,8,0,3,3,0,0,NA
Spector,6,45,Sky,H5,8,0,3,3,0,0,NA
Spector,7,1,Sky,H2,8,0,3,3,0,0,NA
Spector,7,2,H,L,61,5,61,61,-369.89,-251.42,106.15
Spector,7,3,H,L,61,5,60,60,-269.64,-299.84,106.19
Spector,7,4,H,L,61,5,59,59,-170.73,-349.64,106
Spector,7,5,H,L,61,5,58,58,-71.44,-397.89,106.27
Spector,7,6,H,L,61,5,57,57,33.29,-444.01,106.32
Spector,7,7,H,L,61,5,56,56,127.14,-383.41,105.87
Spector,7,8,H,L,61,5,55,55,222.01,-324.92,105.99
Spector,7,9,H,L,61,5,54,54,313.61,-261.55,106.28
Spector,7,10,H,L,61,5,53,53,404.86,-195.51,106.02
Spector,7,11,H,L,61,4,30,30,295.32,-38.96,105.96
Spector,7,12,H,L,61,5,52,52,396.83,-84.23,105.61
Spector,7,13,H,L,61,5,51,51,391.83,26.55,105.68
Spector,7,14,H,L,61,5,50,50,389.48,138.86,105.53
Spector,7,15,H,L,61,5,49,49,372.48,248.52,105.79
Spector,7,16,H,L,61,5,48,48,275.8,302.05,105.7
Spector,7,17,H,L,61,5,47,47,176.77,353.82,105.39
Spector,7,18,H,L,61,5,46,46,75.69,398.8,106.53
Spector,7,19,H,L,61,5,45,45,-32.86,443.41,105.52
Spector,7,20,H,L,61,5,44,44,-128.1,385.7,105.79
Spector,7,21,H,L,61,5,43,43,-220.66,323.65,105.96
Spector,7,22,H,L,61,5,42,42,-311.15,260.05,106.13
Spector,7,23,H,L,61,5,41,41,-402.07,192.05,106.32
Spector,7,24,BROKEN,M,61,0,53,53,129.29,-416.91,106.25
Spector,7,25,BROKEN,M,61,0,54,54,22.56,-400.42,105.83
Spector,7,26,BROKEN,M,61,0,55,55,-83.59,-380.09,106.21
Spector,7,27,BROKEN,M,61,0,56,56,-189.33,-357.25,106.29
Spector,7,28,BROKEN,M,61,0,57,57,-293.08,-328.04,106.3
Spector,7,29,BROKEN,M,61,0,58,58,-324.4,-224.04,106.45
Spector,7,30,BROKEN,M,61,0,59,59,-358.37,-120.25,106.08
Spector,7,31,BROKEN,M,61,0,60,60,-392.91,-18.01,106.28
Spector,7,32,BROKEN,M,61,0,61,61,-427.15,85.75,106.12
Spector,7,33,BROKEN,M,61,0,38,38,-356.1,168.27,106.52
Spector,7,34,BROKEN,M,61,0,41,41,-128.67,417.34,106.47
Spector,7,35,BROKEN,M,61,0,42,42,-22.16,400.81,106.76
Spector,7,36,BROKEN,M,61,0,43,43,84.51,379.16,106.4
Spector,7,37,BROKEN,M,61,0,44,44,190.34,354.93,106.48
Spector,7,38,BROKEN,M,61,0,45,45,294.73,325.95,106.64
Spector,7,39,BROKEN,M,61,0,46,46,332.79,224.47,106.21
Spector,7,40,BROKEN,M,61,0,47,47,364.27,120.73,106.11
Spector,7,41,BROKEN,M,61,0,48,48,394.11,15.78,106.76
Spector,7,42,BROKEN,M,61,0,49,49,423.18,-93.57,106.25
Spector,7,43,BROKEN,M,61,0,50,50,355.72,-176.79,106.27
Spector,7,44,Sky,H4,8,0,3,3,0,0,NA
Spector,7,45,Sky,H1,8,0,3,3,0,0,NA
Spector,8,1,Sky,H6,8,0,3,3,0,0,NA
Spector,8,2,BROKEN,M,61,0,51,51,282.54,-258.18,105.78
Spector,8,3,BROKEN,M,61,0,52,52,208.17,-337.96,106.03
Spector,8,4,BROKEN,M,61,0,30,30,175.98,-234.26,106.4
Spector,8,5,BROKEN,M,61,0,29,29,248.98,-153.77,106.17
Spector,8,6,BROKEN,M,61,0,28,28,318.54,-68.9,105.74
Spector,8,7,BROKEN,M,61,0,27,27,287.36,36.91,106.58
Spector,8,8,BROKEN,M,61,0,26,26,253.74,140.37,106.35
Spector,8,9,BROKEN,M,61,0,25,25,219.16,250.05,106.46
Spector,8,10,BROKEN,M,61,0,24,24,112.53,273.42,107.07
Spector,8,11,BROKEN,M,61,0,23,23,6.07,295.1,106.44
Spector,8,12,BROKEN,M,61,0,22,22,-102.57,311.58,106.42
Spector,8,13,BROKEN,M,61,0,9,9,-67.52,206.06,106.46
Spector,8,14,BROKEN,M,61,0,10,10,39.54,186.89,106.36
Spector,8,15,BROKEN,M,61,0,11,11,145.67,163.12,106.72
Spector,8,16,BROKEN,M,61,0,12,12,180.2,59.49,106.68
Spector,8,17,BROKEN,M,61,0,13,13,212.6,-45.21,106.31
Spector,8,18,BROKEN,M,61,0,14,14,144.32,-128.54,106.46
Spector,8,19,BROKEN,M,61,0,4,4,107.39,-20.24,106.13
Spector,8,20,BROKEN,M,61,0,3,3,71.31,82.09,106.32
Spector,8,21,BROKEN,M,61,0,2,2,-35.46,102.35,106.04
Spector,8,22,BROKEN,M,61,0,1,1,0,0,106
Spector,8,23,BROKEN,M,61,0,5,5,35.83,-103.95,106.75
Spector,8,24,BROKEN,M,61,0,6,6,-71.65,-83.32,106.28
Spector,8,25,BROKEN,M,61,0,7,7,-106.94,20.59,106.02
Spector,8,26,BROKEN,M,61,0,8,8,-142.41,124.69,106.01
Spector,8,27,BROKEN,M,61,0,19,19,-214.56,42.26,106.52
Spector,8,28,BROKEN,M,61,0,18,18,-179.01,-61.54,106.35
Spector,8,29,BROKEN,M,61,0,17,17,-144.5,-164.71,105.62
Spector,8,30,BROKEN,M,61,0,16,16,-38.22,-186.31,106.27
Spector,8,31,BROKEN,M,61,0,15,15,68.61,-207.38,106.39
Spector,8,32,BROKEN,M,61,0,31,31,99.96,-311.63,106.11
Spector,8,33,BROKEN,M,61,0,32,32,-5.63,-289.68,106.09
Spector,8,34,BROKEN,M,61,0,33,33,-113.92,-275.89,105.83
Spector,8,35,BROKEN,M,61,0,34,34,-218.01,-245.45,106.5
Spector,8,36,BROKEN,M,61,0,35,35,-252.05,-142.39,106.22
Spector,8,37,BROKEN,M,61,0,36,36,-287,-38.76,106.49
Spector,8,38,BROKEN,M,61,0,37,37,-320.7,64.96,106.48
Spector,8,39,BROKEN,M,61,0,20,20,-248.7,147.01,105.9
Spector,8,40,BROKEN,M,61,0,21,21,-174.74,229.73,106.2
Spector,8,41,BROKEN,M,61,0,40,40,-208.28,334.65,106.59
Spector,8,42,BROKEN,M,61,0,39,39,-283.09,250.31,105.8
Spector,8,43,H,N,61,5,50,50,403.45,-11.64,106.11
Spector,8,44,Sky,H7,8,0,4,4,0,0,NA
Spector,8,45,Sky,H3,8,0,4,4,0,0,NA
Spector,9,1,Sky,H5,8,0,4,4,0,0,NA
Spector,9,2,H,N,61,5,51,51,369.55,-117.78,106.42
Spector,9,3,H,N,61,5,52,52,334.76,-224.42,106.62
Spector,9,4,H,N,61,4,30,30,260.6,-140,106.48
Spector,9,5,H,N,61,4,29,29,294.39,-33.82,106.47
Spector,9,6,H,N,61,4,28,28,328.15,72.36,106.21
Spector,9,7,H,N,61,4,27,27,251.99,155.38,106.18
Spector,9,8,H,N,61,4,26,26,176.5,237.83,106.41
Spector,9,9,H,N,61,4,25,25,101.23,319.61,106.41
Spector,9,10,H,N,61,4,24,24,-7.78,296.19,106.74
Spector,9,11,H,N,61,4,23,23,-116.83,271.58,106.8
Spector,9,12,H,N,61,4,22,22,-225.75,247.14,106.39
Spector,9,13,H,N,61,3,9,9,-150.75,164.6,106.54
Spector,9,14,H,N,61,3,10,10,-41.99,188.96,106.72
Spector,9,15,H,N,61,3,11,11,66.61,213.33,106.18
Spector,9,16,H,N,61,3,12,12,142.52,131.57,106.67
Spector,9,17,H,N,61,3,13,13,218.52,49.52,106.59
Spector,9,18,H,N,61,3,14,14,185.31,-57.41,106.38
Spector,9,19,H,N,61,2,4,4,109.71,24.55,106.84
Spector,9,20,H,N,61,2,3,3,33.99,106.58,106.72
Spector,9,21,H,N,61,2,2,2,-75.98,81.47,106.67
Spector,9,22,H,N,61,1,1,1,0,0,106.42
Spector,9,23,H,N,61,2,5,5,76.21,-81.32,106.16
Spector,9,24,H,N,61,2,6,6,-33.72,-106.32,106.5
Spector,9,25,H,N,61,2,7,7,-110.11,-24.48,106.69
Spector,9,26,H,N,61,3,8,8,-185.5,57.67,106.34
Spector,9,27,H,N,61,3,19,19,-218.47,-48.52,106.53
Spector,9,28,H,N,61,3,18,18,-143.22,-130.86,106.65
Spector,9,29,H,N,61,3,17,17,-66.93,-212.93,106.49
Spector,9,30,H,N,61,3,16,16,42.49,-187.9,106.42
Spector,9,31,H,N,61,3,15,15,151.1,-163.91,106.27
Spector,9,32,H,N,61,4,31,31,225.87,-246.88,106.4
Spector,9,33,H,N,61,4,32,32,117.02,-270.9,106.45
Spector,9,34,H,N,61,4,33,33,8.26,-294.71,106.72
Spector,9,35,H,N,61,4,34,34,-100.97,-319.19,106.35
Spector,9,36,H,N,61,4,35,35,-176.9,-238.06,106.74
Spector,9,37,H,N,61,4,36,36,-253,-155.39,106.47
Spector,9,38,H,N,61,4,37,37,-327.48,-72.09,106.39
Spector,9,39,H,N,61,4,20,20,-294.44,33.91,106.62
Spector,9,40,H,N,61,4,21,21,-260.65,140.59,106.45
Spector,9,41,H,N,61,5,40,40,-335.49,223.34,106.91
Spector,9,42,H,N,61,5,39,39,-369.87,117.62,106.45
Spector,9,43,H,N,61,5,38,38,-403.26,11.54,106.04
Spector,9,44,Sky,H2,8,0,4,4,0,0,NA
Spector,9,45,Sky,H4,8,0,4,4,0,0,NA
Spector,10,1,Sky,H1,8,0,4,4,0,0,NA
Spector,10,2,H,N,61,5,61,61,-436.56,-94.28,106.34
Spector,10,3,H,N,61,5,60,60,-363.58,-178.24,106.24
Spector,10,4,H,N,61,5,59,59,-287.66,-262.05,106.27
Spector,10,5,H,N,61,5,58,58,-211.98,-343.7,106.21
Spector,10,6,H,N,61,5,57,57,-134.88,-425.38,106.05
Spector,10,7,H,N,61,5,56,56,-26.53,-401.96,106.28
Spector,10,8,H,N,61,5,55,55,82.13,-378,106.39
Spector,10,9,H,N,61,5,54,54,191.34,-354.23,106.58
Spector,10,10,H,N,61,5,53,53,300.29,-330.24,106.28
Spector,10,11,H,N,61,5,49,49,437.43,94.42,106.37
Spector,10,12,H,N,61,5,48,48,363.41,177.87,106.49
Spector,10,13,H,N,61,5,47,47,288.9,260.73,106.81
Spector,10,14,H,N,61,5,46,46,214.3,342.61,106.58
Spector,10,15,H,N,61,5,45,45,138.77,424.45,106.56
Spector,10,16,H,N,61,5,44,44,27.03,403.62,106.44
Spector,10,17,H,N,61,5,43,43,-81.47,380.89,106.58
Spector,10,18,H,N,61,5,42,42,-189.67,355.22,107.21
Spector,10,19,H,N,61,5,41,41,-298.21,330.88,107.05
Spector,10,20,H,O,61,5,53,53,373.035,-224.35,106.065
Spector,10,21,H,O,61,5,54,54,276.89,-281.91,106.26
Spector,10,22,H,O,61,5,55,55,185.37,-343.11,105.95
Spector,10,23,H,O,61,5,56,56,89.51,-392.16,105.95
Spector,10,24,H,O,61,5,57,57,-6.04,-441.65,105.98
Spector,10,25,H,O,61,5,58,58,-100.34,-387.37,105.98
Spector,10,26,H,O,61,5,59,59,-193.36,-332.85,106.3
Spector,10,27,H,O,61,5,60,60,-292.91,-278.815,106.22
Spector,10,28,H,O,61,5,61,61,-382.855,-218.475,105.805
Spector,10,29,H,O,61,5,38,38,-383.065,-109.33,106.385
Spector,10,30,H,O,61,5,41,41,-375.76,217.56,106.185
Spector,10,31,H,O,61,5,42,42,-277.2,276.28,106.09
Spector,10,32,H,O,61,5,43,43,-183.74,330.42,105.85
Spector,10,33,H,O,61,5,44,44,-88.15,384.01,106.4
Spector,10,34,H,O,61,5,45,45,6.9,436.42,105.68
Spector,10,35,H,O,61,5,46,46,101.43,383.79,105.85
Spector,10,36,H,O,61,5,47,47,194.01,329.24,106.14
Spector,10,37,H,O,61,5,48,48,285.64,273.19,105.78
Spector,10,38,H,O,61,5,49,49,377.21,214.54,106.5
Spector,10,39,H,O,61,5,50,50,377.22,102.47,106.495
Spector,10,40,H,O,61,5,51,51,374.525,-5.93,106.415
Spector,10,41,H,O,61,5,52,52,372.345,-114.615,106.525
Spector,10,42,H,O,61,4,30,30,277.295,-61.055,106.42
Spector,10,43,H,O,61,4,29,29,281.415,49.345,105.895
Spector,10,44,Sky,H6,8,0,4,4,0,0,NA
Spector,10,45,Sky,H7,8,0,5,5,0,0,NA
Spector,11,1,Sky,H3,8,0,5,5,0,0,NA
Spector,11,2,H,O,61,4,28,28,282.695,158.955,106.29
Spector,11,3,H,O,61,4,27,27,192.04,218.98,106.43
Spector,11,4,H,O,61,4,26,26,98.605,274.52,106.11
Spector,11,5,H,O,61,4,25,25,4.86,328.39,106.21
Spector,11,6,H,O,61,4,24,24,-90.345,275.54,106.62
Spector,11,7,H,O,61,4,23,23,-183.48,221.73,105.97
Spector,11,8,H,O,61,4,22,22,-280.73,165.78,105.935
Spector,11,9,H,O,61,3,9,9,-185.405,112.75,105.935
Spector,11,10,H,O,61,3,10,10,-90.06,166.555,106.4
Spector,11,11,H,O,61,3,11,11,5.085,219.795,106.54
Spector,11,12,H,O,61,3,12,12,98.44,163.595,106.175
Spector,11,13,H,O,61,3,13,13,189.455,104.825,106.095
Spector,11,14,H,O,61,3,14,14,185.16,-4.87,105.68
Spector,11,15,H,O,61,2,4,4,94.055,53.86,105.72
Spector,11,16,H,O,61,2,3,3,2.215,109.32,105.685
Spector,11,17,H,O,61,2,2,2,-92.23,56.35,106.46
Spector,11,18,H,O,61,1,1,1,0,0,106
Spector,11,19,H,O,61,2,5,5,91.245,-58.575,106.39
Spector,11,20,H,O,61,2,6,6,-2.705,-113.405,106.2
Spector,11,21,H,O,61,2,7,7,-92.88,-54.77,105.565
Spector,11,22,H,O,61,3,8,8,-186.255,1.55,106.49
Spector,11,23,H,O,61,3,19,19,-189.025,-110.17,106.69
Spector,11,24,H,O,61,3,18,18,-99.945,-170.57,105.57
Spector,11,25,H,O,61,3,17,17,-6.26,-224.395,105.94
Spector,11,26,H,O,61,3,16,16,87.89,-172.08,106.13
Spector,11,27,H,O,61,3,15,15,181.38,-118.685,106.295
Spector,11,28,H,O,61,4,31,31,275.895,-172.36,105.93
Spector,11,29,H,O,61,4,32,32,183.305,-227.395,106.13
Spector,11,30,H,O,61,4,33,33,90.175,-283.895,106.31
Spector,11,31,H,O,61,4,34,34,-5.33,-334.41,106.07
Spector,11,32,H,O,61,4,35,35,-99.62,-279.505,105.67
Spector,11,33,H,O,61,4,36,36,-192.92,-224.04,106.495
Spector,11,34,H,O,61,4,37,37,-290.18,-164.015,105.77
Spector,11,35,H,O,61,4,20,20,-280.525,-51.825,105.59
Spector,11,36,H,O,61,4,21,21,-282.89,56.885,106.275
Spector,11,37,H,O,61,5,40,40,-378.615,108.9,106.25
Spector,11,38,H,O,61,5,39,39,-381.225,-0.015,106.31
Spector,11,39,H,P,61,5,46,46,133.17,359.76,105.73
Spector,11,40,H,P,61,5,47,47,221.68,293.31,105.92
Spector,11,41,H,P,61,5,48,48,305.305,228.885,105.71
Spector,11,42,H,P,61,5,49,49,397.545,156.545,105.74
Spector,11,43,H,P,61,5,50,50,384.665,51.285,106.075
Spector,11,44,Sky,H5,8,0,5,5,0,0,NA
Spector,11,45,Sky,H2,8,0,5,5,0,0,NA
Spector,12,1,Sky,H4,8,0,5,5,0,0,NA
Spector,12,2,H,P,61,5,51,51,372.855,-55.725,105.685
Spector,12,3,H,P,61,5,52,52,356.825,-160.85,105.76
Spector,12,4,H,P,61,4,30,30,272.58,-92.45,106.595
Spector,12,5,H,P,61,4,29,29,284.615,14.265,105.93
Spector,12,6,H,P,61,4,28,28,296.715,121.64,106.57
Spector,12,7,H,P,61,4,27,27,206.86,188.03,106.08
Spector,12,8,H,P,61,4,26,26,121.445,252.975,105.84
Spector,12,9,H,P,61,4,25,25,34.27,319.03,105.54
Spector,12,10,H,P,61,4,24,24,-64.045,277.355,105.84
Spector,12,11,H,P,61,4,23,23,-164.88,233.735,105.59
Spector,12,12,H,P,61,4,22,22,-264.725,191.95,105.535
Spector,12,13,H,P,61,3,9,9,-174.94,128.205,105.73
Spector,12,14,H,P,61,3,10,10,-77.725,171.6,105.685
Spector,12,15,H,P,61,3,11,11,22.26,212.305,105.685
Spector,12,16,H,P,61,3,12,12,108.415,146.56,105.46
Spector,12,17,H,P,61,3,13,13,197.64,80.74,105.775
Spector,12,18,H,P,61,3,14,14,184.825,-24.795,106.525
Spector,12,19,H,P,61,2,4,4,98.915,39.77,105.9
Spector,12,20,H,P,61,2,3,3,8.31,106.95,105.885
Spector,12,21,H,P,61,2,2,2,-88.885,64.515,106.01
Spector,12,22,H,P,61,1,1,1,0,0,106
Spector,12,23,H,P,61,2,5,5,84.575,-65.925,105.58
Spector,12,24,H,P,61,2,6,6,-13.295,-106.92,105.625
Spector,12,25,H,P,61,2,7,7,-99.95,-42.96,106.195
Spector,12,26,H,P,61,3,8,8,-187.15,21.05,106.73
Spector,12,27,H,P,61,3,19,19,-199.645,-85.555,105.57
Spector,12,28,H,P,61,3,18,18,-113.77,-149.62,106.605
Spector,12,29,H,P,61,3,17,17,-27.4,-214.965,106.955
Spector,12,30,H,P,61,3,16,16,71.095,-172.535,105.41
Spector,12,31,H,P,61,3,15,15,169.78,-132.135,106.51
Spector,12,32,H,P,61,4,31,31,255.035,-198.055,106.115
Spector,12,33,H,P,61,4,32,32,155.15,-238.63,106.645
Spector,12,34,H,P,61,4,33,33,57.045,-282.23,106.17
Spector,12,35,H,P,61,4,34,34,-43.06,-324.09,106.77
Spector,12,36,H,P,61,4,35,35,-127.95,-257.495,106.855
Spector,12,37,H,P,61,4,36,36,-214.235,-191.835,106.55
Spector,12,38,H,P,61,4,37,37,-300.05,-127.615,105.765
Spector,12,39,H,P,61,4,20,20,-286.73,-20.775,106.69
Spector,12,40,H,P,61,4,21,21,-273.485,85.13,105.905
Spector,12,41,H,P,61,5,40,40,-363.43,151.265,106.495
Spector,12,42,H,P,61,5,39,39,-371.575,44.88,105.205
Spector,12,43,H,P,61,5,38,38,-388.16,-60.31,105.93
Spector,12,44,Sky,H1,8,0,5,5,0,0,NA
Spector,12,45,Sky,H6,8,0,5,5,0,0,NA
Spector,13,1,H,P,61,5,61,61,-399.99,-167.535,106.775
Spector,13,2,Sky,H7,8,0,6,6,0,0,NA
Spector,13,3,H,P,61,5,60,60,-314.825,-234.265,106.645
Spector,13,4,H,P,61,5,59,59,-228.225,-299.28,106.675
Spector,13,5,H,P,61,5,58,58,-144.39,-365.31,105.17
Spector,13,6,H,P,61,5,57,57,-59.38,-430.23,106.58
Spector,13,7,H,P,61,5,56,56,41.27,-390.33,106.69
Spector,13,8,H,P,61,5,55,55,140.95,-349.97,106.98
Spector,13,9,H,P,61,5,54,54,240.23,-306.17,106.62
Spector,13,10,H,P,61,5,53,53,340.97,-266.275,105.745
Spector,13,11,H,P,61,5,45,45,48.58,424.35,105.65
Spector,13,12,H,P,61,5,44,44,-51.58,382.63,105.82
Spector,13,13,H,P,61,5,43,43,-150.06,341.1,105.8
Spector,13,14,H,P,61,5,42,42,-248.28,300.42,106.7
Spector,13,15,H,P,61,5,41,41,-348.28,258.635,107.05
Spector,13,16,H,Q,61,5,53,53,296.53,-344.47,107.44
Spector,13,17,H,Q,61,5,54,54,187.01,-367.35,0
Spector,13,18,H,Q,61,5,55,55,76.47,-391.71,107.89
Spector,13,19,H,Q,61,5,56,56,-35.06,-412.97,107.01
Spector,13,20,H,Q,61,5,57,57,-145.44,-429.79,107.31
Spector,13,21,H,Q,61,5,58,58,-220.75,-346.12,107.68
Spector,13,22,H,Q,61,5,59,59,-298.76,-264.5,107.74
Spector,13,23,H,Q,61,5,60,60,-367.83,-175.38,107.4
Spector,13,24,H,Q,61,5,61,61,-441.3,-90.15,107.87
Spector,13,25,H,Q,61,5,38,38,-409.32,17.74,107.44
Spector,13,26,H,Q,61,5,39,39,-375.34,125.65,107.5
Spector,13,27,H,Q,61,5,40,40,-339.9,234.66,107.74
Spector,13,28,H,Q,61,4,21,21,-264.86,149.94,107.4
Spector,13,29,H,Q,61,4,20,20,-298.91,42.76,107.68
Spector,13,30,H,Q,61,4,37,37,-331.41,-65.01,107.63
Spector,13,31,H,Q,61,4,36,36,-257.37,-152.8,107.47
Spector,13,32,H,Q,61,4,35,35,-184.33,-239.36,107.63
Spector,13,33,H,Q,61,4,34,34,-109.05,-323.12,107.44
Spector,13,34,H,Q,61,5,41,41,-299.96,341.01,107.77
Spector,13,35,H,Q,61,5,42,42,-187.93,362.7,107.56
Spector,13,36,H,Q,61,5,43,43,-73.55,387.73,107.24
Spector,13,37,H,Q,61,5,44,44,37.37,414.47,107.51
Spector,13,38,H,Q,61,5,45,45,148.74,432.52,107.6
Spector,13,39,H,Q,61,5,46,46,224.55,349.97,107.82
Spector,13,40,H,Q,61,5,47,47,298.69,265.55,107.78
Spector,13,41,H,Q,61,5,48,48,373.13,181,107.81
Spector,13,42,H,Q,61,5,49,49,441.42,92,107.77
Spector,13,43,H,Q,61,5,50,50,409.17,-26.55,107.96
Spector,13,44,Sky,H3,8,0,6,6,0,0,NA
Spector,13,45,Sky,H5,8,0,6,6,0,0,NA
Spector,14,1,Sky,H2,8,0,6,6,0,0,NA
Spector,14,2,H,Q,61,5,51,51,371.67,-132.65,107.83
Spector,14,3,H,Q,61,5,52,52,335.73,-238.99,107.76
Spector,14,4,H,Q,61,4,30,30,260.03,-154.22,106.5
Spector,14,5,H,Q,61,4,29,29,298.33,-46.73,107.43
Spector,14,6,H,Q,61,4,28,28,333.48,60.03,107.18
Spector,14,7,H,Q,61,4,27,27,263.03,155.8,108.22
Spector,14,8,H,Q,61,4,26,26,188.69,240.33,107.6
Spector,14,9,H,Q,61,4,25,25,114.17,324.7,107.22
Spector,14,10,H,Q,61,4,24,24,1.44,303.85,107.55
Spector,14,11,H,Q,61,4,23,23,-114.03,277.79,107.37
Spector,14,12,H,Q,61,4,22,22,-225.45,256.03,107.66
Spector,14,13,H,Q,61,3,9,9,-153.53,169.7,107.58
Spector,14,14,H,Q,61,3,10,10,-41.3,192.65,107.69
Spector,14,15,H,Q,61,3,11,11,72.81,217.41,107.64
Spector,14,16,BROKEN,NA,NA,NA,NA,NA,NA,NA,NA
Spector,14,17,H,Q,61,3,12,12,148.07,133.31,107.61
Spector,14,18,H,Q,61,3,13,13,221.59,48.12,107.79
Spector,14,19,H,Q,61,3,14,14,185.82,-64.45,107.55
Spector,14,20,H,Q,61,2,4,4,111.67,20.03,107.26
Spector,14,21,H,Q,61,2,3,3,34.16,107.33,107.43
Spector,14,22,H,Q,61,2,2,2,-77.09,85.56,107.49
Spector,14,23,H,Q,61,1,1,1,0,0,106
Spector,14,24,H,Q,61,2,5,5,75.47,-87.5,107.42
Spector,14,25,H,Q,61,2,6,6,-35.47,-106.42,107.76
Spector,14,26,H,Q,61,2,7,7,-110.3,-22.06,107.51
Spector,14,27,H,Q,61,3,8,8,-187.93,62.06,107.59
Spector,14,28,H,Q,61,3,19,19,-220.34,-45.51,107.88
Spector,14,29,H,Q,61,3,18,18,-145.78,-130.28,107.79
Spector,14,30,H,Q,61,3,17,17,-71.32,-214.87,107.66
Spector,14,31,H,Q,61,3,16,16,39.08,-194.8,107.31
Spector,14,32,H,Q,61,3,15,15,149.69,-172.49,107.56
Spector,14,33,H,Q,61,4,31,31,223.33,-259.38,107.76
Spector,14,34,H,Q,61,4,32,32,112.54,-279.64,107.71
Spector,14,35,H,Q,61,4,33,33,2.66,-306.47,107.62
Spector,14,36,H,R,61,5,53,53,157.93,-408.98,106.27
Spector,14,37,H,R,61,5,54,54,49.05,-395.47,106.39
Spector,14,38,H,R,61,5,55,55,-58.95,-381.85,106.7
Spector,14,39,H,R,61,5,56,56,-167.01,-364.58,106.38
Spector,14,40,H,R,61,5,41,41,-154.38,412.74,106.3
Spector,14,41,H,R,61,5,42,42,-46.24,399.96,106.66
Spector,14,42,H,R,61,5,43,43,62.11,383.24,106.19
Spector,14,43,H,R,61,5,44,44,169.46,367.68,106.92
Spector,14,44,H,R,61,5,45,45,276.24,340.39,106.4
Spector,14,45,Sky,H1,8,0,6,6,0,0,NA
Spector,15,1,Sky,H6,8,0,6,6,0,0,NA
Spector,15,2,H,U,37,4,30,30,166.55,-247.29,106.38
Spector,15,3,H,U,37,4,29,29,245.39,-169.12,106.15
Spector,15,4,H,U,37,4,28,28,323.18,-84.66,106.06
Spector,15,5,H,U,37,4,27,27,298.93,24.37,106.23
Spector,15,6,H,U,37,4,26,26,269,131.73,105.92
Spector,15,7,H,U,37,4,25,25,240.34,239.33,106.19
Spector,15,8,H,U,37,4,24,24,132.2,266.82,106.7
Spector,15,9,H,U,37,4,23,23,25.46,295.52,107.04
Spector,15,10,H,U,37,4,22,22,-81.98,325.85,106.99
Spector,15,11,H,U,37,3,9,9,-54.46,217.55,106.44
Spector,15,12,BROKEN,NA,NA,NA,NA,NA,NA,NA,NA
Spector,15,13,H,U,37,0,10,10,53.01,186.48,106.15
Spector,15,14,H,U,37,3,11,11,160.75,158.23,106.13
Spector,15,15,H,U,37,3,12,12,188.88,50.6,106.08
Spector,15,16,H,U,37,3,13,13,215.5,-58.31,106.01
Spector,15,17,H,U,37,3,14,14,138.83,-138.45,105.87
Spector,15,18,H,U,37,2,4,4,107.58,-29.8,106.2
Spector,15,19,H,U,37,2,3,3,79.38,78.53,105.95
Spector,15,20,H,U,37,2,2,2,-28.71,108.79,105.96
Spector,15,21,H,U,37,1,1,1,0,0,106
Spector,15,22,H,U,37,2,5,5,30.91,-110.33,106.05
Spector,15,23,H,U,37,2,6,6,-77.31,-80.37,106.18
Spector,15,24,H,U,37,2,7,7,-108.01,30.5,106.44
Spector,15,25,H,U,37,3,8,8,-136.48,139.43,105.85
Spector,15,26,H,U,37,3,19,19,-215.28,60.36,106.27
Spector,15,27,H,U,37,3,18,18,-185.09,-50.7,106.04
Spector,15,28,H,U,37,3,17,17,-156.22,-159.82,105.76
Spector,15,29,H,U,37,3,16,16,-49.45,-188.22,106.06
Spector,15,30,H,U,37,3,15,15,58.75,-217.48,106.69
Spector,15,31,H,U,37,4,31,31,87.83,-325.92,106.19
Spector,15,32,H,U,37,4,32,32,-21.25,-299.85,106.72
Spector,15,33,H,U,37,4,33,33,-127.6,-267.06,106.1
Spector,15,34,H,U,37,4,34,34,-235.63,-239.5,106.19
Spector,15,35,H,U,37,4,35,35,-265.72,-131.92,105.98
Spector,15,36,H,U,37,4,36,36,-293.92,-24.12,106.2
Spector,15,37,H,U,37,4,37,37,-323.51,83.6,106.78
Spector,15,38,H,U,37,4,20,20,-245.04,168.88,106.15
Spector,15,39,H,U,37,4,21,21,-161.44,247.75,106.32
Spector,15,40,H,R,61,5,46,46,320.83,240.9,106.4
Spector,15,41,H,R,61,5,47,47,364.97,138.94,106.27
Spector,15,42,H,R,61,5,48,48,405.61,37.4,106.16
Spector,15,43,H,R,61,5,49,49,440.36,-65.76,106.27
Spector,15,44,H,R,61,5,50,50,375.71,-156.92,106.38
Spector,15,45,Sky,H3,8,0,7,7,0,0,NA
Spector,16,1,Sky,H5,8,0,7,7,0,0,NA
Spector,16,2,H,R,61,5,51,51,309.12,-245.63,106.05
Spector,16,3,H,R,61,5,52,52,237.9,-333.9,106.07
Spector,16,4,H,R,61,4,30,30,197.8,-231.54,106.3
Spector,16,5,H,R,61,4,29,29,265.37,-144.78,106.18
Spector,16,6,H,R,61,4,28,28,330.28,-56.64,105.78
Spector,16,7,H,R,61,4,27,27,294.17,45.74,106.39
Spector,16,8,H,R,61,4,26,26,254.48,149.26,106.32
Spector,16,9,H,R,61,4,25,25,211.62,252.51,106.56
Spector,16,10,H,R,61,4,24,24,104.53,273.2,106.49
Spector,16,11,H,R,61,4,23,23,-3.14,292.52,106.53
Spector,16,12,H,R,61,4,22,22,-111.48,311.67,106.44
Spector,16,13,H,R,61,3,9,9,-73.86,208.05,106.16
Spector,16,14,H,R,61,3,10,10,35.65,187.12,105.77
Spector,16,15,H,R,61,3,11,11,145.04,165.83,106.38
Spector,16,16,H,R,61,3,12,12,185.58,63.99,107.04
Spector,16,17,H,R,61,3,13,13,222.53,-39.7,106.33
Spector,16,18,H,R,61,3,14,14,157.25,-128.54,106.89
Spector,16,19,H,R,61,2,4,4,114.68,-20.68,106.95
Spector,16,20,H,R,61,2,3,3,74,80.99,105.99
Spector,16,21,H,R,61,2,2,2,-35.05,104.24,106.21
Spector,16,22,H,R,61,1,1,1,0,0,106
Spector,16,23,H,R,61,2,5,5,42.24,-102.04,106.85
Spector,16,24,H,R,61,2,6,6,-71.57,-83.5,106.48
Spector,16,25,H,R,61,2,7,7,-108,20.49,106.52
Spector,16,26,H,R,61,3,8,8,-145.98,125.81,105.45
Spector,16,27,H,R,61,3,19,19,-216.4,41.72,106.08
Spector,16,28,H,R,61,3,18,18,-182.87,-63.43,106.04
Spector,16,29,H,R,61,3,17,17,-144.38,-164.83,106.07
Spector,16,30,H,R,61,3,16,16,-36.19,-187.46,106.04
Spector,16,31,H,R,61,3,15,15,78.76,-205.04,106.18
Spector,16,32,H,R,61,4,31,31,118.25,-306.95,106.16
Spector,16,33,H,R,61,4,32,32,3.58,-292.55,106.56
Spector,16,34,H,R,61,4,33,33,-109.29,-268.95,105.67
Spector,16,35,H,R,61,4,34,34,-216.78,-248.18,106.22
Spector,16,36,H,R,61,4,35,35,-256.83,-144.49,106.62
Spector,16,37,H,R,61,4,36,36,-289.65,-39.49,106.61
Spector,16,38,H,R,61,4,37,37,-326.28,63.59,105.94
Spector,16,39,H,R,61,4,20,20,-254.7,145.81,105.9
Spector,16,40,H,R,61,4,21,21,-184.79,230.64,106.17
Spector,16,41,H,R,61,5,40,40,-233,335.47,106.39
Spector,16,42,H,R,61,5,39,39,-302.31,252.39,106.33
Spector,16,43,H,R,61,5,38,38,-369.04,165.66,106.31
Spector,16,44,Sky,H7,8,0,7,7,0,0,NA
Spector,16,45,Sky,H4,8,0,7,7,0,0,NA
Spector,17,1,Sky,H1,8,0,7,7,0,0,NA
Spector,17,2,H,R,61,5,61,61,-435.99,75.51,106.74
Spector,17,3,H,R,61,5,60,60,-402.07,-28.4,106.42
Spector,17,4,H,R,61,5,59,59,-367.08,-131.06,106.14
Spector,17,5,H,R,61,5,58,58,-324.22,-231.41,106.17
Spector,17,6,H,R,61,5,57,57,-273.01,-342.04,106.61
Spector,17,7,H,S,61,4,27,27,240.75,172.1,105.96
Spector,17,8,H,S,61,4,26,26,160.14,249.08,105.96
Spector,17,9,H,S,61,4,25,25,79.08,324.9,106.27
Spector,17,10,H,S,61,4,24,24,-27.53,295.48,106.22
Spector,17,11,H,S,61,4,23,23,-133.93,264.32,105.71
Spector,17,12,BROKEN,NA,NA,NA,NA,NA,NA,NA,NA
Spector,17,13,H,S,61,4,22,22,-239.74,230.42,105.56
Spector,17,14,H,S,61,3,9,9,-159.58,154.09,105.65
Spector,17,15,H,S,61,3,10,10,-53.39,186.77,106.07
Spector,17,16,H,S,61,3,11,11,53.64,217.49,105.95
Spector,17,17,H,S,61,3,12,12,133.76,140.78,105.72
Spector,17,18,H,S,61,3,13,13,211.91,62.82,105.99
Spector,17,19,H,S,61,3,14,14,186.82,-46.15,105.94
Spector,17,20,H,S,61,2,4,4,105.8,31.23,105.55
Spector,17,21,H,S,61,2,3,3,26.7,109.49,105.93
Spector,17,22,H,S,61,2,2,2,-79.86,77.65,105.54
Spector,17,23,H,S,61,1,1,1,0,0,106
Spector,17,24,H,S,61,2,5,5,79.63,-76.41,105.77
Spector,17,25,H,S,61,2,6,6,-31.65,-106.57,105.59
Spector,17,26,H,S,61,2,7,7,-113.83,-32.5,105.7
Spector,17,27,H,S,61,3,8,8,-191.5,47.09,105.33
Spector,17,28,H,S,61,3,19,19,-220.2,-62.68,105.97
Spector,17,29,H,S,61,3,18,18,-140.38,-139.98,105.92
Spector,17,30,H,S,61,3,17,17,-55.56,-214.14,105.8
Spector,17,31,H,S,61,3,16,16,51.03,-184,105.89
Spector,17,32,H,S,61,3,15,15,158.97,-153.83,105.74
Spector,17,33,H,S,61,4,31,31,240.75,-229.22,106.12
Spector,17,34,H,S,61,4,32,32,132.45,-261.65,105.35
Spector,17,35,H,S,61,4,33,33,23.28,-292.37,105.74
Spector,17,36,H,S,61,4,34,34,-88.26,-320.26,105.3
Spector,17,37,H,S,61,4,35,35,-171.82,-247.74,105.55
Spector,17,38,H,S,61,4,36,36,-251.29,-170.16,105.62
Spector,17,39,H,S,61,4,37,37,-328,-90.06,105.37
Spector,17,40,H,S,61,4,20,20,-298.76,17.26,105.41
Spector,17,41,H,S,61,4,21,21,-271.04,124.18,105.56
Spector,17,42,H,S,61,5,40,40,-352.96,198.27,105.82
Spector,17,43,H,S,61,5,39,39,-382.71,90.81,105.37
Spector,17,44,H,S,61,5,38,38,-410.38,-17.44,105.86
Spector,17,45,BROKEN,NA,NA,NA,NA,NA,NA,NA,NA
Spector,18,1,Sky,H2,8,0,8,8,0,0,NA
Spector,18,2,H,S,61,5,61,61,-434.48,-125.78,105.63
Spector,18,3,H,S,61,5,60,60,-360.16,-206.63,104.94
Spector,18,4,H,S,61,5,59,59,-282.25,-284.66,105.71
Spector,18,5,H,S,61,5,58,58,-194.64,-355.91,105.45
Spector,18,6,H,S,61,5,57,57,-111,-428.27,105.69
Spector,18,7,H,S,61,5,56,56,-4.61,-399.2,105.64
Spector,18,8,H,S,61,5,55,55,103.61,-374.47,106.04
Spector,18,9,H,S,61,5,54,54,209.22,-342.44,105.97
Spector,18,10,H,S,61,5,53,53,315.51,-311.63,106.14
Spector,18,11,H,S,61,4,28,28,318.16,93.46,105.86
Spector,18,12,H,S,61,4,29,29,293.26,-14,105.92
Spector,18,13,H,S,61,4,30,30,268.2,-121.81,105.86
Spector,18,14,H,S,61,5,52,52,348.24,-198.73,106.21
Spector,18,15,H,S,61,5,51,51,376.53,-91.23,105.73
Spector,18,16,H,S,61,5,50,50,401.92,16.8,105.7
Spector,18,17,H,S,61,5,49,49,423.77,125.12,105.92
Spector,18,18,H,S,61,5,48,48,346.2,204.68,106.17
Spector,18,19,H,S,61,5,47,47,266.73,281.78,106.17
Spector,18,20,H,S,61,5,46,46,186.84,358.89,105.84
Spector,18,21,H,S,61,5,45,45,103.43,432.73,106.02
Spector,18,22,H,S,61,5,44,44,-2.91,404.35,106.12
Spector,18,23,H,S,61,5,43,43,-109.43,371.8,106.05
Spector,18,24,H,S,61,5,42,42,-215.97,341.56,106.23
Spector,18,25,H,S,61,5,41,41,-320.84,305.1,106.08
Spector,18,26,H,T,61,5,53,53,357.08,-269.33,105.82
Spector,18,27,H,T,61,5,54,54,256.94,-318.01,105.94
Spector,18,28,H,T,61,5,55,55,154.31,-362.15,106.34
Spector,18,29,H,T,61,5,56,56,50.39,-403.98,106.04
Spector,18,30,H,T,61,5,57,57,-57.5,-444.91,105.32
Spector,18,31,H,T,61,5,58,58,-147.66,-379.73,106.23
Spector,18,32,H,T,61,5,59,59,-236.18,-312.27,106.19
Spector,18,33,H,T,61,5,60,60,-323.87,-242.58,106.53
Spector,18,34,H,T,61,5,41,41,-355.18,271.32,106.15
Spector,18,35,H,T,61,5,42,42,-254.04,317.63,106.23
Spector,18,36,H,T,61,5,43,43,-151.29,360,105.79
Spector,18,37,H,T,61,5,44,44,-47.47,401.98,105.75
Spector,18,38,H,T,61,5,45,45,56.14,444.23,106.38
Spector,18,39,H,T,61,5,46,46,148.27,382.11,105.38
Spector,18,40,H,T,61,5,47,47,237.82,315.9,105.74
Spector,18,41,H,T,61,5,48,48,324.37,245.37,105.44
Spector,18,42,H,T,61,5,49,49,411.33,174.76,105.85
Spector,18,43,H,T,61,5,50,50,401.73,63.33,105.78
Spector,18,44,Sky,H4,8,0,6,8,0,0,NA
Spector,18,45,Sky,H2,8,0,7,8,0,0,NA
Spector,19,1,Sky,H6,8,0,8,8,0,0,NA
Spector,19,2,H,T,61,5,51,51,388.41,-48.35,105.88
Spector,19,3,H,T,61,5,52,52,373.58,-159.35,106.41
Spector,19,4,H,T,61,4,30,30,283.96,-90.57,105.94
Spector,19,5,H,T,61,4,29,29,299.78,19.61,105.87
Spector,19,6,H,T,61,4,28,28,308.29,131.41,105.67
Spector,19,7,H,T,61,4,27,27,220.52,199.5,105.93
Spector,19,8,H,T,61,4,26,26,130.86,267.22,105.86
Spector,19,9,H,T,61,4,25,25,40.84,333.12,106.07
Spector,19,10,H,T,61,4,24,24,-62.46,291.08,105.94
Spector,19,11,H,T,61,4,23,23,-165.69,249.19,105.95
Spector,19,12,H,T,61,4,22,22,-267.24,203.41,105.96
Spector,19,13,H,T,61,3,9,9,-180.56,133.9,105.67
Spector,19,14,H,T,61,3,10,10,-77.78,180.45,106.03
Spector,19,15,H,T,61,3,11,11,27.09,222.36,106.03
Spector,19,16,H,T,61,3,12,12,116.76,156.27,105.78
Spector,19,17,H,T,61,3,13,13,205.56,88.33,105.72
Spector,19,18,H,T,61,3,14,14,194.46,-22.75,106.04
Spector,19,19,H,T,61,2,4,4,102.53,44.59,105.91
Spector,19,20,H,T,61,2,3,3,13.04,111.51,105.91
Spector,19,21,H,T,61,2,2,2,-89.98,67.55,105.46
Spector,19,22,H,T,61,1,1,1,0,0,106
Spector,19,23,H,T,61,2,5,5,91.29,-66.5,106.07
Spector,19,24,H,T,61,2,6,6,-10.52,-113.21,106.04
Spector,19,25,H,T,61,2,7,7,-101.52,-46.09,105.92
Spector,19,26,H,T,61,3,8,8,-191.56,22.3,105.81
Spector,19,27,H,T,61,3,19,19,-203.71,-91.41,106.14
Spector,19,28,H,T,61,3,18,18,-113.02,-158.15,105.97
Spector,19,29,H,T,61,3,17,17,-23.23,-223.59,105.54
Spector,19,30,H,T,61,3,16,16,79.55,-180.59,105.8
Spector,19,31,H,T,61,3,15,15,180.39,-132.77,105.69
Spector,19,32,H,T,61,4,31,31,268.56,-201.12,105.94
Spector,19,33,H,T,61,4,32,32,168.38,-250.14,105.89
Spector,19,34,H,T,61,4,33,33,65.69,-293.35,105.94
Spector,19,35,H,T,61,4,34,34,-38.82,-335.06,106.01
Spector,19,36,H,T,61,4,35,35,-128.71,-268.75,105.46
Spector,19,37,H,T,61,4,36,36,-219.07,-201.34,106.04
Spector,19,38,H,T,61,4,37,37,-308.11,-131.86,106.37
Spector,19,39,H,T,61,4,20,20,-295.17,-18.51,105.92
Spector,19,40,H,T,61,4,21,21,-284.87,92.21,106.31
Spector,19,41,H,T,61,5,40,40,-372.1,161.63,105.76
Spector,19,42,H,T,61,5,39,39,-388,50.54,106.21
Spector,19,43,H,T,61,5,38,38,-398.74,-59.79,106.41
Spector,19,44,H,T,61,5,61,61,-411.89,-172.68,105.94
Spector,19,45,Sky,H1,8,0,8,8,0,0,NA