PROXIMITY,220 # tiling proximity value in arcseconds,,,,,,,,,,,,,,,,,,,,,,,,,,,,,,,,,,,,,,,,,,,,
TILING_DATE,2024 10 18 # Date the tile was created/configured,,,,,,,,,,,,,,,,,,,,,,,,,,,,,,,,,,,,,,,,,,,,
OBS_TEMP,287.149994,,,,,,,,,,,,,,,,,,,,,,,,,,,,,,,,,,,,,,,,,,,,
ROBOT_TEMP,287.149994,,,,,,,,,,,,,,,,,,,,,,,,,,,,,,,,,,,,,,,,,,,,
MDLPARS,0,-0.0008665329,-0.9996937766,0,0.9996937766,-0.0008665329,0,1,0,0,0,13366713.7,1089450000,621000000000,331200000000000,-902.1087564,2624.396187,0,0,0,,,,,,,,,,,,,,,,,,,,,,,,,
EQUINOX,J2000.0,,,,,,,,,,,,,,,,,,,,,,,,,,,,,,,,,,,,,,,,,,,,
CENTRE,00 42 33.02,-09 22 30.0 #Field centre,,,,,,,,,,,,,,,,,,,,,,,,,,,,,,,,,,,,,,,,,,,
UTTIME,15 58 23.00 #Target observing time,,,,,,,,,,,,,,,,,,,,,,,,,,,,,,,,,,,,,,,,,,,,
UTDATE,2024 09 02 #Target observing date,,,,,,,,,,,,,,,,,,,,,,,,,,,,,,,,,,,,,,,,,,,,
PLATEID,A0085_SAMI_T001,,,,,,,,,,,,,,,,,,,,,,,,,,,,,,,,,,,,,,,,,,,,
LABEL,1,,,,,,,,,,,,,,,,,,,,,,,,,,,,,,,,,,,,,,,,,,,,
#probe,ID,x,y,rads,angs,azAngs,angs_azAng,RA,DEC,g_mag,r_mag,i_mag,z_mag,y_mag,GAIA_g_mag,GAIA_bp_mag,GAIA_rp_mag,Mstar,Re,z,GAL_MU_E_R,pmRA,pmDEC,priority,MagnetX_noDC,MagnetY_noDC,type,MagnetX,MagnetY,SkyPosition,fibre_type,Magnet,Label,order,Pickup_option,Index,Hexabundle,probe_orientation,rectMag_inputOrientation,Magnet_C,Label_C,order_C,Pickup_option_C,offset_P,offset_Q
1,C901028017603094,30.1906796812,-166.7139051969,169.4401927875,3.5326550568,1.7495451066,1.7831099503,10.7672862063,-8.6678536147,17.4739646912,16.6391086578,33,15.9954051971,0,0,0,0,10.144365,4.3353238106,0.056612495,33,,,8,29309.0826130086,159815.083082523,1,30126.2,-166740.49,33,P,rectangular_magnet,R01,1,I,1,C,67.5937747672,1.7831099503,circular_magnet,Yel,1,TL,0.0697451149,0
2,C901027875303735,101.5861721828,-76.4750522853,127.1542655243,4.0705644447,2.4960946305,1.5744698141,11.0766810699,-9.0485706832,17.1894264221,16.2977828979,33,15.5781440735,0,0,0,0,10.387881,3.6148741245,0.057120357,33,,,8,99232.3217877727,73773.0256026361,1,101570.86,-76495.54,33,P,rectangular_magnet,R02,1,I,2,I,36.7738370849,1.5744698141,circular_magnet,Gre,1,RO,0.0255775174,0
3,C901027875001219,-108.9450617277,-90.601065442,141.6645216038,1.9655742873,0.6930196931,1.2725545941,10.1679051967,-8.9889332591,18.0594902039,17.1921539307,33,16.5641765594,0,0,0,0,10.063623,2.2943079472,0.058626965,33,,,8,-106151.025544688,87251.0834438538,1,-108985.4,-90504.25,33,P,rectangular_magnet,R03,1,I,3,N,157.3808890201,1.2725545941,circular_magnet,Gre,1,TL,0.1048828204,0
4,C901027732800121,-116.9240998912,-35.5607474927,122.2124178341,-1.2796084708,0.2957376836,4.7078391528,10.1319141065,-9.2222211848,17.0197906494,16.19962883,33,15.5632362366,0,0,0,0,10.204299,7.6000061035,0.051402226,33,,,8,-114285.011920808,34528.0122291584,1,-116906.86,-35618.27,33,P,rectangular_magnet,R04,1,I,4,B,-16.6838351922,4.7078391528,circular_magnet,Gre,1,TR,0.060050418,0
5,C901027590502743,-148.7030308672,14.2439313733,149.3488482656,-1.0029010152,-0.0951980246,5.3754823166,9.9962988579,-9.4344354089,17.9692440033,17.4822254181,33,17.1561260223,0,0,0,0,9.554323,3.4109117985,0.05644147,33,,,8,-144934.058113374,-13432.4024097654,1,-148672.61,14196.25,33,P,rectangular_magnet,R05,1,I,5,J,-32.5380045599,5.3754823166,circular_magnet,Yel,1,TR,0.0565591948,0
6,C901027448603999,-67.3205670664,98.78935685,119.4936462525,-0.1620362466,-0.9730913487,0.8110551021,10.3459345253,-9.7965223224,16.4172782898,15.5114660263,33,14.8493242264,0,0,0,0,10.740974,3.1032397747,0.056727923,33,,,8,-65916.3972804397,-95264.0448663659,1,-67244.67,98776.95,33,P,rectangular_magnet,R06,1,I,6,G,-80.716006939,0.8110551021,circular_magnet,Gre,1,TL,0.0769044512,0
7,C901027448804060,49.0295320636,114.7960932639,124.7917564769,3.1973667397,4.3093280202,5.1712240266,10.849261434,-9.8648491019,17.9390068054,17.1090164185,33,16.4545173645,0,0,0,0,10.052617,1.1042064428,0.04974548,33,,,8,47835.4840779476,-110705.897024036,1,48947.8,114791.53,33,P,rectangular_magnet,R07,1,I,7,L,86.8043802614,5.1712240266,circular_magnet,Gre,1,TR,0.0818593525,0
8,C901027590900411,61.3921318441,46.3625342364,76.8879354042,3.5132173076,3.7885656535,6.0078369613,10.9041916591,-9.5737529353,17.9771442413,17.1217708588,33,16.5225219727,0,0,0,0,10.057036,3.2508490086,0.057947036,33,,,8,60249.7149621047,-44918.1633763652,1,61349.81,46346.04,33,P,rectangular_magnet,R08,1,I,8,M,68.7074757641,6.0078369613,circular_magnet,Blu,1,TR,0.0454224429,0
9,C901027875200703,2.5340717402,-72.6150395596,72.6708864162,3.535957277,1.605253392,1.930703885,10.6486717047,-9.063414327,16.8572940826,15.9943237305,33,15.3613471985,0,0,0,0,10.453451,2.839682579,0.05465781,33,,,8,2502.2052702739,70418.3621081769,1,2503.53,-72627.75,33,P,rectangular_magnet,R09,1,I,9,S,67.4045714909,1.930703885,circular_magnet,Blu,1,TL,0.0330810095,0
10,C901027875102495,-35.8446049954,-77.4971767019,85.3417079397,1.7132059406,1.1372417373,0.5759642033,10.4822392279,-9.0429797976,17.327917099,16.4453792572,33,15.7954273224,0,0,0,0,10.461699,3.6030631065,0.05799968,33,,,8,-35111.5345012545,75036.5657400685,1,-35851.98,-77445.74,33,P,rectangular_magnet,R10,1,I,10,T,171.8405301688,0.5759642033,circular_magnet,Blu,1,TR,0.051962727,0
11,C901027590604290,-70.9137450617,3.4814218882,71.0111104902,1.7316447763,-0.0498434025,1.7814881788,10.3291884783,-9.3898566869,17.7363433838,17.253742218,33,16.9013290405,0,0,0,0,9.623854,2.8145711422,0.049822234,33,,,8,-69701.0038995672,-3357.6112445294,1,-70922.92,3537.97,33,P,rectangular_magnet,R11,1,I,11,K,170.7840627019,1.7814881788,circular_magnet,Blu,1,RO,0.0572875941,0
12,C901027590604293,-70.9390432223,46.3633515831,84.7306027691,-0.5697642454,-0.5788797106,0.0091154651,10.3293159157,-9.5732838093,17.4640350342,16.5426502228,33,15.86485672,0,0,0,0,10.257658,1.8347809315,0.05827972,33,,,8,-69672.2030525255,-44812.1408967058,1,-70925.96,46354.97,33,P,rectangular_magnet,R12,1,I,12,P,-57.3549134187,0.0091154651,circular_magnet,Blu,1,TR,0.0155377489,0
13,C901027306603820,-65.2681705387,160.7652055749,173.548150559,3.1501243803,-1.1845729985,4.3346973788,10.3560452994,-10.0554637448,16.979391098,16.0559043884,33,15.3746356964,0,0,0,0,10.520005,2.5956757069,0.06477666,33,,,8,-63631.3623305106,-153784.806315576,1,-65374.31,160764.3,33,P,rectangular_magnet,R13,1,I,13,E,89.5111680675,4.3346973788,circular_magnet,Yel,1,TR,0.1061433244,0
14,C901027732701981,-159.4358959315,-30.7731960755,162.3917474291,1.9081514211,0.1901194226,1.7180319986,9.9517077807,-9.2436200857,17.7603645325,16.9573707581,33,16.3271026611,0,0,0,0,10.035435,3.6388573647,0.05780403,33,,,8,-155011.641558023,29691.8606350883,1,-159465.72,-30688.17,33,P,rectangular_magnet,R14,1,I,14,D,160.6709768963,1.7180319986,circular_magnet,Yel,1,TL,0.0901049864,0
15,C901027448704723,1.6391469917,65.2759010888,65.2821150928,-0.2054060943,4.6860721507,1.3917070622,10.6449013289,-9.6550632475,15.3307476044,14.4481620789,33,13.7839679718,0,0,0,0,11.040866,11.9465904236,0.054550298,33,,,8,1650.1003303648,-63294.2939400723,1,1717.82,65259.51,33,P,rectangular_magnet,R15,1,I,15,A,-78.2310977124,1.3917070622,circular_magnet,Blu,1,TL,0.080362367,0
16,C901028017503888,-14.6499727967,-132.7216527766,133.5518787716,3.7823645623,1.4606665152,2.3216980471,10.5746157684,-8.8088740878,17.2191963196,16.3531494141,33,15.7178182602,0,0,0,0,10.374859,1.6558762789,0.056649443,33,,,8,-14234.4363396228,127944.456163325,1,-14678.33,-132742.8,33,P,rectangular_magnet,R16,1,I,16,Q,53.2864739994,2.3216980471,circular_magnet,Gre,1,TL,0.0353742284,0
17,C901027732904189,-24.5350759938,-31.6931817057,40.1054893678,3.4362884352,0.9121865867,2.5241018485,10.5307143788,-9.2384785877,17.8428878784,16.976776123,33,16.3642730713,0,0,0,0,10.086249,3.3242120743,0.05563253,33,,,8,-24156.1503902277,30853.8391788021,1,-24545.28,-31717.18,33,P,rectangular_magnet,R17,1,I,17,O,73.1151754731,2.5241018485,circular_magnet,Blu,1,TR,0.0167343919,0.02
18,C901027590900345,60.6486011466,12.8138349438,61.9388261422,3.6979879623,3.3495253385,0.3484626238,10.9012961288,-9.429956341,16.2778339386,15.4946908951,33,14.918589592,0,0,0,0,10.650841,2.4108457565,0.050276417,33,,,8,59595.3251006082,-12420.1330718999,1,60604.65,12786.5,33,P,rectangular_magnet,R18,1,I,18,F,58.1208970709,0.3484626238,circular_magnet,Blu,1,TR,0.0517581148,0
19,C901027448901522,78.9806431617,82.7985943101,114.3843967954,3.4472993077,3.9507915039,5.779693111,10.9795629464,-9.7287728098,17.0360450745,16.1819648743,33,15.5609378815,0,0,0,0,10.407127,1.7981088161,0.05591489,33,,,8,77283.6258923626,-79952.6550092387,1,78934.21,82783.94,33,P,rectangular_magnet,R19,1,I,19,R,72.4842989508,5.779693111,circular_magnet,Gre,1,TR,0.0486907313,0
20,S96710104866883072,-34.5787708231,7.2410906927,35.3214568499,-0.4818259218,-0.206366846,6.0077262313,10.486718,-9.406054,18.5060005188,17.5160007477,17.1287002563,16.9025993347,0,0,0,0,0,0,0,0,9.2516240367,4.711451241,1,-34099.3320000002,-7018.2039999998,0,-34572,7237.55,33,P,rectangular_magnet,R20,1,I,20,H,-62.393408219,6.0077262313,circular_magnet,Blu,1,TR,0.0076407167,0
21,S96890108010506048,37.5591569153,-28.2407582179,46.9663713905,3.3519913873,2.4962528665,0.8557385208,10.801085,-9.25365,16.5622005463,16.1245994568,15.9637002945,15.9338998795,0,0,0,0,0,0,0,0,1.6147481563,3.8363954064,5,36947.6099999999,27425.0999999999,0,37521.22,-28248.86,33,P,rectangular_magnet,R21,1,I,21,U,77.9450405424,0.8557385208,circular_magnet,Blu,1,TL,0.0387923757,0
22,G96750106394220384,0.3637723504,0.0017369704,0.3395968694,-0.7796448739,3.1479531791,2.3555872541,10.639456,-9.375004,,13.9286003113,,,,,,,,,,,-0.2777657811,-1.2802195323,33,419.4559999996,-0.9040000001,2,339.59,2.16,33,G,rectangular_magnet,R22,1,I,22,GS1,-45.3296392063,2.3555872541,circular_magnet,Blu,1,RI,-0.017495,-0.0167
23,G96620111276249968,113.1541952988,23.5397780859,115.56158156,3.7937838923,3.3467280347,0.4470558576,11.127664,-9.475399,,13.63560009,,,,,,,,,,,-5.6445914629,-21.0361494366,33,110754.464,-22690.1739999999,2,113138.65,23539.86,33,G,rectangular_magnet,R23,1,I,23,GS2,52.6321945876,0.4470558576,circular_magnet,Gre,1,TR,0.012305,-0.0095
24,G97330109237373776,66.2023134709,-114.0005165263,131.827796173,3.601806821,2.0971113652,1.5046954559,10.923795,-8.888859,,13.6405000687,,,,,,,,,,,-3.6063245295,-6.6211521307,33,64680.0699999998,109867.866,2,66223.76,-113986.76,33,G,rectangular_magnet,R24,1,I,24,GS3,63.6316705329,1.5046954559,circular_magnet,Gre,1,TL,-0.025325,-0.0028
25,G97440103643756992,-63.4900872233,-136.3598546463,150.3850205754,2.0695906809,1.134974947,0.9346157339,10.364422,-8.794539,,13.4476003647,,,,,,,,,,,23.3956799903,-1.7165174975,33,-61738.2280000003,131184.186,2,-63485.81,-136327.57,33,G,rectangular_magnet,R25,1,I,25,GS4,151.4211886667,0.9346157339,circular_magnet,Yel,1,TL,0.026305,-0.0192
26,G96560101434097952,-114.0711851225,35.7917334979,119.5516627619,1.952854412,-0.303768339,2.256622751,10.14345,-9.527069,,14.1045999527,,,,,,,,,,,-0.6511642745,-3.9257951195,33,-111677.9,-34367.5939999998,2,-114078.12,35760.07,33,G,rectangular_magnet,R26,1,I,26,GS5,158.1096841866,2.256622751,circular_magnet,Gre,1,TL,-0.026795,0.01824
27,G96180106415732416,0.9787006441,110.6688844157,110.6954907797,-0.1584921443,4.7032321109,1.421461052,10.641645,-9.8483,,13.6493997574,,,,,,,,,,,7.8633507102,14.9259393383,33,914.1699999999,-106965.8,2,1013.61,110690.85,33,G,rectangular_magnet,R27,1,I,27,GS6,-80.9190690452,1.421461052,circular_magnet,Gre,1,TL,0.031005,0.0272
22,Sky-A1-1,-81.75646,-224.58157,0,0,0,0,10.2935128,-8.437991488,,,,,,,,,,,,,,,33,,,33,-81756.46,-224581.57,2,S,,,33,,,,,,,,33,,,
23,Sky-A1-2,-93.24117,-222.23219,0,0,0,0,10.2452918,-8.448216745,,,,,,,,,,,,,,,33,,,33,-93241.17,-222232.19,1,S,,,33,,,,,,,,33,,,
24,Sky-A1-3,-102.1024,-213.87871,0,0,0,0,10.2074293,-8.482009768,,,,,,,,,,,,,,,33,,,33,-102102.4,-213878.71,3,S,,,33,,,,,,,,33,,,
25,Sky-A1-4,-114.16975,-212.24121,0,0,0,0,10.1570299,-8.489710595,,,,,,,,,,,,,,,33,,,33,-114169.75,-212241.21,1,S,,,33,,,,,,,,33,,,
26,Sky-A1-5,-124.24934,-206.50222,0,0,0,0,10.1145084,-8.513553853,,,,,,,,,,,,,,,33,,,33,-124249.34,-206502.22,1,S,,,33,,,,,,,,33,,,
27,Sky-A1-6,-132.92867,-198.62268,0,0,0,0,10.0775617,-8.545877211,,,,,,,,,,,,,,,33,,,33,-132928.67,-198622.68,2,S,,,33,,,,,,,,33,,,
28,Sky-A1-7,-143.52243,-193.60365,0,0,0,0,10.0331751,-8.567158174,,,,,,,,,,,,,,,33,,,33,-143522.43,-193603.65,1,S,,,33,,,,,,,,33,,,
29,Sky-A2-1,-240.9813,-3.01251,0,0,0,0,9.6201398,-9.360374199,,,,,,,,,,,,,,,33,,,33,-240981.3,-3012.51,1,S,,,33,,,,,,,,33,,,
30,Sky-A2-2,-240.84715,8.5856,0,0,0,0,9.6205709,-9.408691436,,,,,,,,,,,,,,,33,,,33,-240847.15,8585.6,1,S,,,33,,,,,,,,33,,,
31,Sky-A2-3,-240.15512,20.16382,0,0,0,0,9.6233584,-9.456930455,,,,,,,,,,,,,,,33,,,33,-240155.12,20163.82,1,S,,,33,,,,,,,,33,,,
32,Sky-A2-4,-238.90682,31.69534,0,0,0,0,9.6284965,-9.504979479,,,,,,,,,,,,,,,33,,,33,-238906.82,31695.34,1,S,,,33,,,,,,,,33,,,
33,Sky-A2-5,-237.10513,43.15344,0,0,0,0,9.6359741,-9.552727071,,,,,,,,,,,,,,,33,,,33,-237105.13,43153.44,1,S,,,33,,,,,,,,33,,,
34,Sky-A2-6,-239.62452,55.6425,0,0,0,0,9.626605,-9.604381885,,,,,,,,,,,,,,,33,,,33,-239624.52,55642.5,0,S,,,33,,,,,,,,33,,,
35,Sky-A2-7,-231.85957,65.74346,0,0,0,0,9.6578758,-9.646876052,,,,,,,,,,,,,,,33,,,33,-231859.57,65743.46,1,S,,,33,,,,,,,,33,,,
36,Sky-A3-1,-65.83122,229.75476,0,0,0,0,10.3583385,-10.331561455,,,,,,,,,,,,,,,33,,,33,-65831.22,229754.76,2,S,,,33,,,,,,,,33,,,
37,Sky-A3-2,-54.7005,232.65609,0,0,0,0,10.4054424,-10.34368775,,,,,,,,,,,,,,,33,,,33,-54700.5,232656.09,2,S,,,33,,,,,,,,33,,,
38,Sky-A3-3,-44.71549,241.90189,0,0,0,0,10.4480434,-10.380226842,,,,,,,,,,,,,,,33,,,33,-44715.49,241901.89,0,S,,,33,,,,,,,,33,,,
39,Sky-A3-4,-32.08506,236.83654,0,0,0,0,10.5011599,-10.361170263,,,,,,,,,,,,,,,33,,,33,-32085.06,236836.54,2,S,,,33,,,,,,,,33,,,
40,Sky-A3-5,-20.82553,240.09865,0,0,0,0,10.548861,-10.374223517,,,,,,,,,,,,,,,33,,,33,-20825.53,240098.65,1,S,,,33,,,,,,,,33,,,
41,Sky-A3-6,-9.1725,238.82392,0,0,0,0,10.5981449,-10.369499912,,,,,,,,,,,,,,,33,,,33,-9172.5,238823.92,2,S,,,33,,,,,,,,33,,,
42,Sky-A3-7,-2.34844,240.98869,0,0,0,0,10.6270314,-10.377964187,,,,,,,,,,,,,,,33,,,33,-2348.44,240988.69,1,S,,,33,,,,,,,,33,,,
43,Sky-A4-1,117.86456,210.21182,0,0,0,0,11.135489,-10.249798409,,,,,,,,,,,,,,,33,,,33,117864.56,210211.82,1,S,,,33,,,,,,,,33,,,
44,Sky-A4-2,125.7203,200.90646,0,0,0,0,11.1692702,-10.211982413,,,,,,,,,,,,,,,33,,,33,125720.3,200906.46,3,S,,,33,,,,,,,,33,,,
45,Sky-A4-3,137.52377,197.90977,0,0,0,0,11.2185777,-10.198536711,,,,,,,,,,,,,,,33,,,33,137523.77,197909.77,1,S,,,33,,,,,,,,33,,,
46,Sky-A4-4,146.88677,191.06371,0,0,0,0,11.2581387,-10.170009767,,,,,,,,,,,,,,,33,,,33,146886.77,191063.71,1,S,,,33,,,,,,,,33,,,
47,Sky-A4-5,155.90952,183.77509,0,0,0,0,11.2962539,-10.139639127,,,,,,,,,,,,,,,33,,,33,155909.52,183775.09,1,S,,,33,,,,,,,,33,,,
48,Sky-A4-6,164.57115,176.06079,0,0,0,0,11.3328352,-10.1074954,,,,,,,,,,,,,,,33,,,33,164571.15,176060.79,1,S,,,33,,,,,,,,33,,,
49,Sky-A4-7,172.85157,167.93867,0,0,0,0,11.3677977,-10.073653281,,,,,,,,,,,,,,,33,,,33,172851.57,167938.67,1,S,,,33,,,,,,,,33,,,
50,Sky-A5-1,189.83588,-148.4702,0,0,0,0,11.4381415,-8.756066558,,,,,,,,,,,,,,,33,,,33,189835.88,-148470.2,1,S,,,33,,,,,,,,33,,,
51,Sky-A5-2,182.47249,-157.43205,0,0,0,0,11.4070769,-8.718756246,,,,,,,,,,,,,,,33,,,33,182472.49,-157432.05,1,S,,,33,,,,,,,,33,,,
52,Sky-A5-3,178.31055,-169.47374,0,0,0,0,11.3884426,-8.669577115,,,,,,,,,,,,,,,33,,,33,178310.55,-169473.74,0,S,,,33,,,,,,,,33,,,
53,Sky-A5-4,166.49577,-174.24185,0,0,0,0,11.3396978,-8.64876868,,,,,,,,,,,,,,,33,,,33,166495.77,-174241.85,1,S,,,33,,,,,,,,33,,,
54,Sky-A5-5,157.91943,-182.05086,0,0,0,0,11.3035391,-8.616253122,,,,,,,,,,,,,,,33,,,33,157919.43,-182050.86,1,S,,,33,,,,,,,,33,,,
55,Sky-A5-6,148.97731,-189.43818,0,0,0,0,11.2658446,-8.585491172,,,,,,,,,,,,,,,33,,,33,148977.31,-189438.18,1,S,,,33,,,,,,,,33,,,
56,Sky-A5-7,139.6901,-196.38671,0,0,0,0,11.2267012,-8.556553852,,,,,,,,,,,,,,,33,,,33,139690.1,-196386.71,1,S,,,33,,,,,,,,33,,,
57,Sky-H1-1,-158.92893,-181.17025,0,0,0,0,9.9681268,-8.618845228,,,,,,,,,,,,,,,33,,,33,-158928.93,-181170.25,1,S,,,33,,,,,,,,33,,,
58,Sky-H1-2,-167.46173,-173.31368,0,0,0,0,9.9320852,-8.651512364,,,,,,,,,,,,,,,33,,,33,-167461.73,-173313.68,1,S,,,33,,,,,,,,33,,,
59,Sky-H1-3,-175.60663,-165.05567,0,0,0,0,9.8976702,-8.685853373,,,,,,,,,,,,,,,33,,,33,-175606.63,-165055.67,1,S,,,33,,,,,,,,33,,,
60,Sky-H1-4,-183.34477,-156.41534,0,0,0,0,9.8649617,-8.721788952,,,,,,,,,,,,,,,33,,,33,-183344.77,-156415.34,1,S,,,33,,,,,,,,33,,,
61,Sky-H1-5,-190.65822,-147.4127,0,0,0,0,9.8340355,-8.75923608,,,,,,,,,,,,,,,33,,,33,-190658.22,-147412.7,1,S,,,33,,,,,,,,33,,,
62,Sky-H1-6,-197.53006,-138.06861,0,0,0,0,9.8049633,-8.798108189,,,,,,,,,,,,,,,33,,,33,-197530.06,-138068.61,1,S,,,33,,,,,,,,33,,,
63,Sky-H1-7,-203.94434,-128.4047,0,0,0,0,9.7778129,-8.838315478,,,,,,,,,,,,,,,33,,,33,-203944.34,-128404.7,1,S,,,33,,,,,,,,33,,,
64,Sky-H1-8,-208.14361,-117.46164,0,0,0,0,9.7595065,-8.883609941,,,,,,,,,,,,,,,33,,,33,-208143.61,-117461.64,2,S,,,33,,,,,,,,33,,,
65,Sky-H2-1,-217.08302,-99.97981,0,0,0,0,9.7215899,-8.95640369,,,,,,,,,,,,,,,33,,,33,-217083.02,-99979.81,2,S,,,33,,,,,,,,33,,,
66,Sky-H2-2,-223.49692,-90.16757,0,0,0,0,9.6949253,-8.997445787,,,,,,,,,,,,,,,33,,,33,-223496.92,-90167.57,1,S,,,33,,,,,,,,33,,,
67,Sky-H2-3,-232.29779,-80.95516,0,0,0,0,9.6590566,-9.036195634,,,,,,,,,,,,,,,33,,,33,-232297.79,-80955.16,0,S,,,33,,,,,,,,33,,,
68,Sky-H2-4,-231.12877,-68.26826,0,0,0,0,9.6624783,-9.088611222,,,,,,,,,,,,,,,33,,,33,-231128.77,-68268.26,1,S,,,33,,,,,,,,33,,,
69,Sky-H2-5,-239.00342,-58.25258,0,0,0,0,9.63054,-9.13058216,,,,,,,,,,,,,,,33,,,33,-239003.42,-58252.58,0,S,,,33,,,,,,,,33,,,
70,Sky-H2-6,-234.65661,-45.35721,0,0,0,0,9.6467854,-9.183931934,,,,,,,,,,,,,,,33,,,33,-234656.61,-45357.21,2,S,,,33,,,,,,,,33,,,
71,Sky-H2-7,-236.56716,-34.01436,0,0,0,0,9.6385862,-9.231194507,,,,,,,,,,,,,,,33,,,33,-236567.16,-34014.36,2,S,,,33,,,,,,,,33,,,
72,Sky-H2-8,-244.89827,-23.25593,0,0,0,0,9.6052852,-9.276119012,,,,,,,,,,,,,,,33,,,33,-244898.27,-23255.93,0,S,,,33,,,,,,,,33,,,
73,Sky-H3-1,-154.91577,184.61356,0,0,0,0,9.9819583,-10.142585157,,,,,,,,,,,,,,,33,,,33,-154915.77,184613.56,1,S,,,33,,,,,,,,33,,,
74,Sky-H3-2,-145.85382,191.8534,0,0,0,0,10.0202264,-10.172794046,,,,,,,,,,,,,,,33,,,33,-145853.82,191853.4,1,S,,,33,,,,,,,,33,,,
75,Sky-H3-3,-136.45402,198.64884,0,0,0,0,10.0599319,-10.201150985,,,,,,,,,,,,,,,33,,,33,-136454.02,198648.84,1,S,,,33,,,,,,,,33,,,
76,Sky-H3-4,-124.63455,201.58181,0,0,0,0,10.1093247,-10.214376064,,,,,,,,,,,,,,,33,,,33,-124634.55,201581.81,3,S,,,33,,,,,,,,33,,,
77,Sky-H3-5,-115.75996,209.09479,0,0,0,0,10.1471214,-10.245259337,,,,,,,,,,,,,,,33,,,33,-115759.96,209094.79,2,S,,,33,,,,,,,,33,,,
78,Sky-H3-6,-106.44891,216.21677,0,0,0,0,10.1867334,-10.274473612,,,,,,,,,,,,,,,33,,,33,-106448.91,216216.77,1,S,,,33,,,,,,,,33,,,
79,Sky-H3-7,-95.92253,221.08806,0,0,0,0,10.2312346,-10.294809024,,,,,,,,,,,,,,,33,,,33,-95922.53,221088.06,1,S,,,33,,,,,,,,33,,,
80,Sky-H3-8,-85.17533,225.44672,0,0,0,0,10.2766763,-10.313006744,,,,,,,,,,,,,,,33,,,33,-85175.33,225446.72,1,S,,,33,,,,,,,,33,,,
81,Sky-H4-1,21.937,237.99111,0,0,0,0,10.7298307,-10.366071844,,,,,,,,,,,,,,,33,,,33,21937,237991.11,2,S,,,33,,,,,,,,33,,,
82,Sky-H4-2,33.64155,238.64054,0,0,0,0,10.779293,-10.368224466,,,,,,,,,,,,,,,33,,,33,33641.55,238640.54,1,S,,,33,,,,,,,,33,,,
83,Sky-H4-3,46.01993,241.65712,0,0,0,0,10.8313801,-10.379343667,,,,,,,,,,,,,,,33,,,33,46019.93,241657.12,0,S,,,33,,,,,,,,33,,,
84,Sky-H4-4,56.42319,234.30213,0,0,0,0,10.8756658,-10.35016431,,,,,,,,,,,,,,,33,,,33,56423.19,234302.13,1,S,,,33,,,,,,,,33,,,
85,Sky-H4-5,67.06981,229.39625,0,0,0,0,10.9208566,-10.330274095,,,,,,,,,,,,,,,33,,,33,67069.81,229396.25,2,S,,,33,,,,,,,,33,,,
86,Sky-H4-6,78.68236,227.79409,0,0,0,0,10.9698146,-10.323056234,,,,,,,,,,,,,,,33,,,33,78682.36,227794.09,1,S,,,33,,,,,,,,33,,,
87,Sky-H4-7,89.55136,223.74453,0,0,0,0,11.0157799,-10.306185043,,,,,,,,,,,,,,,33,,,33,89551.36,223744.53,1,S,,,33,,,,,,,,33,,,
88,Sky-H4-8,98.54829,215.5394,0,0,0,0,11.0542784,-10.273021289,,,,,,,,,,,,,,,33,,,33,98548.29,215539.4,3,S,,,33,,,,,,,,33,,,
89,Sky-H5-1,237.34134,41.83481,0,0,0,0,11.6394844,-9.5483718,,,,,,,,,,,,,,,33,,,33,237341.34,41834.81,1,S,,,33,,,,,,,,33,,,
90,Sky-H5-2,239.07931,30.36687,0,0,0,0,11.6467455,-9.500616295,,,,,,,,,,,,,,,33,,,33,239079.31,30366.87,1,S,,,33,,,,,,,,33,,,
91,Sky-H5-3,240.26349,18.8286,0,0,0,0,11.6516682,-9.452569962,,,,,,,,,,,,,,,33,,,33,240263.49,18828.6,1,S,,,33,,,,,,,,33,,,
92,Sky-H5-4,240.89115,7.2467,0,0,0,0,11.6542419,-9.40434391,,,,,,,,,,,,,,,33,,,33,240891.15,7246.7,1,S,,,33,,,,,,,,33,,,
93,Sky-H5-5,240.96083,-4.35197,0,0,0,0,11.6544614,-9.356049889,,,,,,,,,,,,,,,33,,,33,240960.83,-4351.97,1,S,,,33,,,,,,,,33,,,
94,Sky-H5-6,236.481,-15.67599,0,0,0,0,11.6365887,-9.30886397,,,,,,,,,,,,,,,33,,,33,236481,-15675.99,3,S,,,33,,,,,,,,33,,,
95,Sky-H5-7,239.4269,-27.49224,0,0,0,0,11.6478441,-9.259704547,,,,,,,,,,,,,,,33,,,33,239426.9,-27492.24,1,S,,,33,,,,,,,,33,,,
96,Sky-H5-8,237.82707,-38.97879,0,0,0,0,11.6410249,-9.21188213,,,,,,,,,,,,,,,33,,,33,237827.07,-38978.79,1,S,,,33,,,,,,,,33,,,
97,Sky-H6-1,233.82492,-58.36925,0,0,0,0,11.6240293,-9.131155892,,,,,,,,,,,,,,,33,,,33,233824.92,-58369.25,1,S,,,33,,,,,,,,33,,,
98,Sky-H6-2,230.74573,-69.55194,0,0,0,0,11.6109795,-9.084601545,,,,,,,,,,,,,,,33,,,33,230745.73,-69551.94,1,S,,,33,,,,,,,,33,,,
99,Sky-H6-3,227.13205,-80.57354,0,0,0,0,11.5956799,-9.038718579,,,,,,,,,,,,,,,33,,,33,227132.05,-80573.54,1,S,,,33,,,,,,,,33,,,
100,Sky-H6-4,222.99226,-91.4085,0,0,0,0,11.5781665,-8.993613132,,,,,,,,,,,,,,,33,,,33,222992.26,-91408.5,1,S,,,33,,,,,,,,33,,,
101,Sky-H6-5,218.33596,-102.03172,0,0,0,0,11.5584803,-8.949389462,,,,,,,,,,,,,,,33,,,33,218335.96,-102031.72,1,S,,,33,,,,,,,,33,,,
102,Sky-H6-6,213.17391,-112.41861,0,0,0,0,11.5366672,-8.906149694,,,,,,,,,,,,,,,33,,,33,213173.91,-112418.61,1,S,,,33,,,,,,,,33,,,
103,Sky-H6-7,207.51809,-122.54511,0,0,0,0,11.5127781,-8.863993745,,,,,,,,,,,,,,,33,,,33,207518.09,-122545.11,1,S,,,33,,,,,,,,33,,,
104,Sky-H6-8,201.3824,-132.38652,0,0,0,0,11.4868719,-8.823024195,,,,,,,,,,,,,,,33,,,33,201382.4,-132386.52,1,S,,,33,,,,,,,,33,,,
105,Sky-H7-1,122.07792,-205.47015,0,0,0,0,11.1527698,-8.518258588,,,,,,,,,,,,,,,33,,,33,122077.92,-205470.15,2,S,,,33,,,,,,,,33,,,
106,Sky-H7-2,112.98823,-212.87255,0,0,0,0,11.1141844,-8.487883286,,,,,,,,,,,,,,,33,,,33,112988.23,-212872.55,1,S,,,33,,,,,,,,33,,,
107,Sky-H7-3,102.61518,-218.06235,0,0,0,0,11.0704819,-8.466258882,,,,,,,,,,,,,,,33,,,33,102615.18,-218062.35,1,S,,,33,,,,,,,,33,,,
108,Sky-H7-4,92.00444,-222.74704,0,0,0,0,11.0257812,-8.446734722,,,,,,,,,,,,,,,33,,,33,92004.44,-222747.04,1,S,,,33,,,,,,,,33,,,
109,Sky-H7-5,82.86479,-231.62346,0,0,0,0,10.9867904,-8.411073592,,,,,,,,,,,,,,,33,,,33,82864.79,-231623.46,0,S,,,33,,,,,,,,33,,,
110,Sky-H7-6,69.58635,-228.64545,0,0,0,0,10.931507,-8.421618316,,,,,,,,,,,,,,,33,,,33,69586.35,-228645.45,2,S,,,33,,,,,,,,33,,,
111,Sky-H7-7,58.99428,-233.66801,0,0,0,0,10.8867299,-8.401189991,,,,,,,,,,,,,,,33,,,33,58994.28,-233668.01,1,S,,,33,,,,,,,,33,,,
112,Sky-H7-8,47.68464,-236.23556,0,0,0,0,10.8390917,-8.39046932,,,,,,,,,,,,,,,33,,,33,47684.64,-236235.56,1,S,,,33,,,,,,,,33,,,
